Date,Open,High,Low,Close,Adj Close,Volume
2014-09-19,92.699997,99.699997,89.949997,93.889999,93.889999,271879400
2014-09-22,92.699997,92.949997,89.5,89.889999,89.889999,66657800
2014-09-23,88.940002,90.480003,86.620003,87.169998,87.169998,39009800
2014-09-24,88.470001,90.57,87.220001,90.57,90.57,32088000
2014-09-25,91.089996,91.5,88.5,88.919998,88.919998,28598000
2014-09-26,89.730003,90.459999,88.660004,90.459999,90.459999,18340000
2014-09-29,89.620003,89.699997,88.019997,88.75,88.75,25302000
2014-09-30,89.0,90.879997,88.459999,88.849998,88.849998,24419400
2014-10-01,88.699997,88.940002,86.040001,86.099998,86.099998,24029600
2014-10-02,86.269997,88.199997,85.611,87.059998,87.059998,21469700
2014-10-03,88.099998,89.940002,87.650002,88.099998,88.099998,18485700
2014-10-06,89.150002,89.650002,88.059998,88.309998,88.309998,9268400
2014-10-07,87.949997,89.699997,87.059998,87.669998,87.669998,12791700
2014-10-08,88.0,88.5,87.059998,88.300003,88.300003,10252600
2014-10-09,88.510002,90.349998,88.0,88.790001,88.790001,21507000
2014-10-10,88.25,88.739998,85.239998,85.879997,85.879997,15431400
2014-10-13,86.849998,86.889999,84.919998,85.120003,85.120003,14845000
2014-10-14,85.809998,85.879997,83.220001,84.949997,84.949997,15559200
2014-10-15,84.040001,86.489998,82.809998,85.599998,85.599998,16824300
2014-10-16,84.980003,89.175003,84.014999,88.849998,88.849998,15232000
2014-10-17,90.400002,90.900002,87.669998,87.910004,87.910004,17360700
2014-10-20,88.0,89.5,87.860001,88.260002,88.260002,9891400
2014-10-21,89.099998,92.5,88.5,90.900002,90.900002,23243800
2014-10-22,92.25,93.5,91.010002,91.629997,91.629997,20364500
2014-10-23,92.919998,94.699997,92.82,94.449997,94.449997,20641000
2014-10-24,95.07,98.0,94.779999,95.760002,95.760002,32132600
2014-10-27,97.0,98.849998,96.300003,97.790001,97.790001,28302400
2014-10-28,99.839996,100.669998,98.610001,99.68,99.68,32127600
2014-10-29,99.879997,100.0,96.82,98.309998,98.309998,28655400
2014-10-30,98.480003,99.440002,97.300003,98.730003,98.730003,15484600
2014-10-31,100.099998,100.220001,98.136002,98.599998,98.599998,18128300
2014-11-03,99.669998,102.800003,99.050003,101.800003,101.800003,40883700
2014-11-04,100.425003,106.359001,99.510002,106.07,106.07,67814000
2014-11-05,108.480003,110.139999,106.480003,108.669998,108.669998,48344000
2014-11-06,109.300003,111.699997,107.209999,111.57,111.57,33609000
2014-11-07,112.93,114.769997,111.75,114.559998,114.559998,51457000
2014-11-10,117.269997,119.449997,115.199997,119.150002,119.150002,75971000
2014-11-11,117.25,117.550003,113.690002,114.540001,114.540001,70983600
2014-11-12,115.050003,119.07,114.019997,118.199997,118.199997,53908000
2014-11-13,119.300003,120.0,114.550003,114.839996,114.839996,62163000
2014-11-14,115.059998,115.389999,113.349998,115.099998,115.099998,29849000
2014-11-17,115.440002,115.629997,113.129997,114.25,114.25,22573000
2014-11-18,114.330002,114.379997,110.410004,110.809998,110.809998,41098000
2014-11-19,109.830002,110.68,107.220001,108.82,108.82,46841000
2014-11-20,107.809998,112.440002,107.260002,109.82,109.82,36489000
2014-11-21,113.209999,113.5,110.434998,110.730003,110.730003,27432000
2014-11-24,112.0,113.93,111.550003,113.919998,113.919998,20646000
2014-11-25,114.940002,115.169998,112.330002,113.470001,113.470001,23485000
2014-11-26,113.330002,113.739998,112.330002,112.669998,112.669998,11794700
2014-11-28,113.139999,113.230003,111.110001,111.639999,111.639999,8077800
2014-12-01,110.019997,110.050003,103.896004,105.989998,105.989998,38464200
2014-12-02,107.349998,110.0,106.610001,109.889999,109.889999,18785000
2014-12-03,110.400002,111.68,108.797997,110.639999,110.639999,16221100
2014-12-04,110.099998,110.5,108.910004,109.169998,109.169998,10779300
2014-12-05,109.599998,110.349998,107.760002,107.900002,107.900002,12148100
2014-12-08,105.970001,107.400002,104.209999,105.07,105.07,19217300
2014-12-09,102.269997,107.949997,101.199997,107.480003,107.480003,24866800
2014-12-10,107.089996,107.379997,103.510002,103.879997,103.879997,18466700
2014-12-11,104.440002,106.839996,104.290001,104.970001,104.970001,15684300
2014-12-12,104.699997,107.449997,104.179001,105.110001,105.110001,14537600
2014-12-15,106.389999,107.769997,103.699997,104.699997,104.699997,16521800
2014-12-16,103.75,107.68,103.699997,105.769997,105.769997,21700600
2014-12-17,107.110001,109.190002,106.279999,109.019997,109.019997,17311100
2014-12-18,110.580002,111.199997,108.260002,109.25,109.25,22788100
2014-12-19,109.93,110.650002,108.040001,110.650002,110.650002,14857800
2014-12-22,110.629997,110.980003,108.529999,108.769997,108.769997,13041200
2014-12-23,108.300003,108.470001,103.879997,105.519997,105.519997,19096300
2014-12-24,105.68,107.209999,105.599998,105.949997,105.949997,5870400
2014-12-26,105.989998,106.940002,105.5,105.949997,105.949997,6529100
2014-12-29,105.949997,107.660004,105.639999,105.980003,105.980003,8068600
2014-12-30,105.639999,106.709999,105.129997,105.75,105.75,10205700
2014-12-31,106.459999,106.470001,103.690002,103.940002,103.940002,10221600
2015-01-02,104.239998,104.720001,102.519997,103.599998,103.599998,12303400
2015-01-05,102.760002,103.019997,99.900002,101.0,101.0,18337000
2015-01-06,101.25,103.849998,100.110001,103.32,103.32,15720400
2015-01-07,104.589996,104.739998,102.029999,102.129997,102.129997,11052200
2015-01-08,102.949997,105.339996,102.68,105.029999,105.029999,12942100
2015-01-09,105.239998,105.300003,102.889999,103.019997,103.019997,10222200
2015-01-12,103.199997,103.360001,101.209999,101.620003,101.620003,7997200
2015-01-13,102.589996,102.849998,100.010002,100.769997,100.769997,11294400
2015-01-14,99.279999,100.18,98.059998,99.580002,99.580002,17808000
2015-01-15,99.669998,100.139999,96.019997,96.309998,96.309998,18260100
2015-01-16,96.089996,97.800003,95.519997,96.889999,96.889999,13327900
2015-01-20,98.300003,100.209999,97.589996,100.040001,100.040001,12105600
2015-01-21,100.75,103.860001,100.32,103.290001,103.290001,15186900
2015-01-22,104.599998,104.919998,103.099998,104.0,104.0,11433000
2015-01-23,104.019997,105.199997,103.019997,103.110001,103.110001,9873800
2015-01-26,104.400002,105.129997,103.330002,103.989998,103.989998,10664900
2015-01-27,102.889999,103.57,100.580002,102.940002,102.940002,15659900
2015-01-28,100.300003,101.489998,97.790001,98.449997,98.449997,42144700
2015-01-29,90.529999,90.739998,87.360001,89.809998,89.809998,76561400
2015-01-30,89.599998,92.0,88.110001,89.080002,89.080002,36806900
2015-02-02,91.129997,91.660004,88.610001,90.129997,90.129997,18865300
2015-02-03,91.650002,91.650002,89.900002,90.610001,90.610001,13512300
2015-02-04,90.989998,91.879997,89.480003,90.0,90.0,14643600
2015-02-05,89.580002,89.839996,86.099998,87.0,87.0,28926200
2015-02-06,87.110001,87.400002,85.419998,85.68,85.68,17632100
2015-02-09,85.830002,86.75,85.470001,86.0,86.0,12109500
2015-02-10,87.010002,87.470001,86.519997,87.260002,87.260002,12043300
2015-02-11,87.580002,87.699997,85.82,86.0,86.0,12391900
2015-02-12,85.599998,88.300003,85.550003,87.099998,87.099998,15177800
2015-02-13,88.199997,89.300003,87.650002,89.050003,89.050003,14665200
2015-02-17,88.779999,88.989998,86.699997,86.849998,86.849998,15191700
2015-02-18,87.099998,87.43,86.5,86.739998,86.739998,7422300
2015-02-19,86.809998,87.870003,86.709999,86.889999,86.889999,7604100
2015-02-20,87.25,87.290001,86.379997,86.639999,86.639999,7821700
2015-02-23,86.510002,86.68,85.25,85.470001,85.470001,9367900
2015-02-24,85.529999,85.529999,83.879997,84.690002,84.690002,15846400
2015-02-25,84.379997,86.830002,84.360001,86.190002,86.190002,13645700
2015-02-26,86.919998,87.160004,85.199997,85.370003,85.370003,8763300
2015-02-27,85.949997,86.559998,85.0,85.120003,85.120003,8377200
2015-03-02,85.0,85.019997,83.75,84.0,84.0,11213400
2015-03-03,82.949997,83.25,80.029999,81.580002,81.580002,39246100
2015-03-04,80.269997,85.825996,80.169998,85.489998,85.489998,36607200
2015-03-05,85.75,86.269997,84.010002,86.099998,86.099998,18514800
2015-03-06,85.739998,86.0,84.050003,84.400002,84.400002,10673700
2015-03-09,84.349998,84.349998,81.480003,82.529999,82.529999,17616500
2015-03-10,81.089996,83.150002,80.650002,82.970001,82.970001,13817000
2015-03-11,83.0,83.379997,81.190002,81.989998,81.989998,12768700
2015-03-12,82.099998,82.900002,81.529999,81.919998,81.919998,11232000
2015-03-13,81.800003,81.919998,80.769997,81.860001,81.860001,12663300
2015-03-16,82.010002,85.199997,81.940002,84.0,84.0,16905700
2015-03-17,84.010002,85.099998,83.510002,84.5,84.5,17639000
2015-03-18,83.870003,85.949997,83.300003,84.589996,84.589996,35663000
2015-03-19,85.110001,87.040001,85.0,85.739998,85.739998,30454700
2015-03-20,86.330002,86.800003,85.089996,85.199997,85.199997,21181500
2015-03-23,85.25,85.529999,84.209999,84.25,84.25,11184000
2015-03-24,84.349998,84.5,82.389999,83.629997,83.629997,14545100
2015-03-25,83.940002,84.480003,82.669998,83.75,83.75,13507200
2015-03-26,83.199997,84.995003,82.959999,84.169998,84.169998,12208000
2015-03-27,84.779999,85.150002,83.339996,84.580002,84.580002,9703800
2015-03-30,85.029999,85.150002,83.75,83.900002,83.900002,10020500
2015-03-31,83.639999,84.449997,83.199997,83.239998,83.239998,11812900
2015-04-01,83.370003,83.720001,82.18,82.360001,82.360001,14896400
2015-04-02,82.879997,83.0,81.25,82.279999,82.279999,19868200
2015-04-06,82.050003,82.589996,81.613998,81.82,81.82,12810500
2015-04-07,81.940002,82.949997,81.879997,82.209999,82.209999,9443000
2015-04-08,83.300003,85.540001,83.066002,85.389999,85.389999,26161500
2015-04-09,87.029999,87.690002,85.199997,86.139999,86.139999,27800400
2015-04-10,86.68,86.690002,84.150002,84.580002,84.580002,18300300
2015-04-13,85.160004,85.709999,83.82,84.279999,84.279999,15797100
2015-04-14,84.629997,85.129997,83.529999,85.0,85.0,11819000
2015-04-15,85.080002,85.360001,84.160004,84.669998,84.669998,12225800
2015-04-16,85.150002,85.400002,83.889999,84.059998,84.059998,12048600
2015-04-17,83.080002,83.25,81.610001,81.900002,81.900002,22791800
2015-04-20,82.25,82.690002,81.519997,82.199997,82.199997,13471000
2015-04-21,82.860001,82.919998,82.139999,82.419998,82.419998,10056000
2015-04-22,82.779999,82.839996,81.519997,82.050003,82.050003,13316900
2015-04-23,81.879997,82.75,81.620003,82.279999,82.279999,11483300
2015-04-24,82.879997,84.989998,82.800003,84.57,84.57,21058400
2015-04-27,85.529999,86.269997,84.650002,84.900002,84.900002,17434200
2015-04-28,85.540001,85.57,83.82,85.080002,85.080002,11110500
2015-04-29,84.059998,84.400002,81.639999,82.449997,82.449997,21098000
2015-04-30,82.220001,82.650002,80.440002,81.290001,81.290001,14209700
2015-05-01,81.029999,82.25,80.110001,81.169998,81.169998,17910500
2015-05-04,81.169998,81.559998,80.120003,80.589996,80.589996,21551500
2015-05-05,80.440002,80.900002,77.769997,79.540001,79.540001,32661900
2015-05-06,79.650002,80.849998,79.510002,80.0,80.0,24953500
2015-05-07,88.830002,89.290001,84.910004,86.0,86.0,69448800
2015-05-08,87.82,88.269997,86.889999,87.059998,87.059998,30140600
2015-05-11,86.699997,87.669998,86.059998,86.720001,86.720001,19776900
2015-05-12,87.050003,87.5,86.139999,86.769997,86.769997,16077800
2015-05-13,87.080002,88.470001,87.0,87.529999,87.529999,19015900
2015-05-14,87.739998,88.480003,87.529999,88.400002,88.400002,12087900
2015-05-15,88.510002,88.959999,88.050003,88.459999,88.459999,13424600
2015-05-18,87.610001,87.93,86.610001,87.110001,87.110001,13490200
2015-05-19,86.989998,88.800003,86.470001,88.209999,88.209999,20727700
2015-05-20,88.139999,90.800003,87.300003,90.699997,90.699997,29812300
2015-05-21,91.349998,94.769997,90.919998,93.879997,93.879997,40729400
2015-05-22,94.279999,95.059998,93.190002,93.269997,93.269997,22183300
2015-05-26,93.650002,93.919998,91.550003,92.519997,92.519997,15674900
2015-05-27,92.220001,92.989998,91.599998,92.599998,92.599998,9519300
2015-05-28,91.690002,91.93,90.580002,90.949997,90.949997,14213000
2015-05-29,91.349998,91.5,89.32,89.32,89.32,13893200
2015-06-01,90.089996,90.989998,89.489998,90.779999,90.779999,9905900
2015-06-02,90.550003,91.540001,90.190002,90.510002,90.510002,9865300
2015-06-03,90.510002,91.040001,89.900002,90.790001,90.790001,9428000
2015-06-04,90.709999,91.410004,90.269997,90.589996,90.589996,8689000
2015-06-05,90.459999,91.599998,90.459999,90.709999,90.709999,11353900
2015-06-08,90.650002,91.599998,88.242996,88.290001,88.290001,15603000
2015-06-09,88.040001,88.18,86.120003,87.580002,87.580002,16081800
2015-06-10,87.699997,88.989998,87.199997,88.900002,88.900002,12551300
2015-06-11,89.029999,89.480003,87.099998,87.209999,87.209999,13716200
2015-06-12,87.419998,87.790001,86.480003,86.629997,86.629997,9977100
2015-06-15,86.300003,87.169998,86.050003,86.120003,86.120003,10230400
2015-06-16,86.002998,86.699997,85.610001,86.089996,86.089996,10974200
2015-06-17,86.580002,87.800003,86.480003,86.800003,86.800003,10241500
2015-06-18,86.970001,87.589996,86.32,86.75,86.75,11737200
2015-06-19,86.510002,86.599998,85.169998,85.739998,85.739998,10317000
2015-06-22,86.07,86.400002,85.580002,85.68,85.68,7154200
2015-06-23,85.980003,86.339996,84.830002,85.080002,85.080002,11411300
2015-06-24,85.163002,85.809998,84.849998,85.169998,85.169998,9434300
2015-06-25,85.470001,85.599998,84.900002,85.239998,85.239998,8949800
2015-06-26,84.629997,84.650002,82.82,83.279999,83.279999,12668600
2015-06-29,83.279999,83.279999,80.800003,81.07,81.07,15199800
2015-06-30,82.580002,83.690002,81.959999,82.269997,82.269997,12551400
2015-07-01,82.599998,83.0,81.989998,82.459999,82.459999,5950000
2015-07-02,82.120003,82.32,81.779999,82.07,82.07,6760200
2015-07-06,80.559998,81.5,80.120003,80.230003,80.230003,11864200
2015-07-07,79.449997,79.790001,76.209999,79.620003,79.620003,34221700
2015-07-08,76.580002,78.790001,76.220001,77.940002,77.940002,22714900
2015-07-09,80.93,81.190002,79.040001,79.040001,79.040001,19778700
2015-07-10,81.129997,81.199997,79.839996,80.300003,80.300003,11224500
2015-07-13,80.919998,82.199997,80.699997,81.860001,81.860001,10350500
2015-07-14,81.580002,82.019997,81.129997,81.5,81.5,7519300
2015-07-15,80.900002,81.5,80.209999,80.730003,80.730003,9514200
2015-07-16,81.389999,82.0,80.900002,81.529999,81.529999,8604500
2015-07-17,81.989998,83.699997,81.580002,83.360001,83.360001,14505400
2015-07-20,83.559998,83.68,82.050003,82.669998,82.669998,8126100
2015-07-21,83.110001,83.25,82.220001,82.540001,82.540001,5750700
2015-07-22,82.160004,84.75,82.0,84.150002,84.150002,11209200
2015-07-23,84.660004,84.970001,83.25,83.879997,83.879997,7452300
2015-07-24,85.169998,85.379997,82.650002,83.019997,83.019997,8759900
2015-07-27,80.849998,81.699997,79.68,81.400002,81.400002,12185700
2015-07-28,80.669998,80.800003,79.25,80.559998,80.559998,12122800
2015-07-29,80.980003,81.369003,80.010002,80.260002,80.260002,7177100
2015-07-30,80.110001,80.639999,79.449997,79.959999,79.959999,6934700
2015-07-31,79.849998,79.904999,78.199997,78.339996,78.339996,12687000
2015-08-03,78.199997,78.5,77.110001,77.989998,77.989998,9277000
2015-08-04,78.07,79.353996,77.800003,78.870003,78.870003,8501200
2015-08-05,79.589996,80.419998,79.480003,79.82,79.82,7502600
2015-08-06,79.849998,80.75,78.639999,78.959999,78.959999,9297800
2015-08-07,79.650002,80.199997,78.660004,78.82,78.82,8738800
2015-08-10,79.860001,80.989998,79.5,80.470001,80.470001,11276700
2015-08-11,79.481003,80.0,76.150002,77.339996,77.339996,22976600
2015-08-12,72.32,73.849998,71.029999,73.379997,73.379997,41093200
2015-08-13,74.0,76.730003,73.660004,75.110001,75.110001,23230700
2015-08-14,74.529999,75.489998,74.459999,74.760002,74.760002,12367300
2015-08-17,74.849998,75.239998,74.160004,75.190002,75.190002,12677400
2015-08-18,74.050003,75.129997,73.730003,73.879997,73.879997,11155100
2015-08-19,73.150002,73.559998,72.809998,73.120003,73.120003,18179400
2015-08-20,71.980003,72.779999,70.029999,70.32,70.32,20995600
2015-08-21,69.32,70.660004,68.18,68.18,68.18,29128600
2015-08-24,58.16,65.800003,58.0,65.800003,65.800003,31376400
2015-08-25,68.839996,70.330002,67.489998,68.57,68.57,29948400
2015-08-26,68.949997,69.449997,65.75,68.660004,68.660004,26389200
2015-08-27,70.839996,71.589996,70.019997,70.839996,70.839996,18123800
2015-08-28,69.68,70.5,69.044998,70.07,70.07,10604600
2015-08-31,69.18,69.300003,66.019997,66.120003,66.120003,18479900
2015-09-01,64.379997,66.839996,64.050003,64.830002,64.830002,23460900
2015-09-02,65.690002,66.0,64.971001,65.540001,65.540001,13376300
2015-09-03,65.820999,66.889999,65.410004,66.470001,66.470001,15803200
2015-09-04,65.404999,65.57,63.34,63.91,63.91,18186400
2015-09-08,65.779999,66.809998,60.25,60.91,60.91,50328400
2015-09-09,62.73,64.669998,62.529999,64.040001,64.040001,33147900
2015-09-10,63.52,64.25,63.34,63.830002,63.830002,13281600
2015-09-11,63.369999,64.790001,62.700001,64.629997,64.629997,17747000
2015-09-14,62.549999,63.259998,61.48,62.599998,62.599998,26763300
2015-09-15,61.450001,65.360001,61.110001,64.849998,64.849998,29035000
2015-09-16,65.610001,68.080002,65.260002,67.230003,67.230003,25801000
2015-09-17,66.410004,66.650002,65.599998,66.0,66.0,16594600
2015-09-18,65.400002,65.75,64.010002,65.75,65.75,20127300
2015-09-21,65.379997,66.400002,62.959999,63.900002,63.900002,22355100
2015-09-22,62.939999,63.27,61.580002,61.900002,61.900002,14897900
2015-09-23,61.959999,62.299999,59.68,60.0,60.0,22684600
2015-09-24,59.419998,60.34,58.209999,59.919998,59.919998,20645700
2015-09-25,60.630001,60.84,58.919998,59.240002,59.240002,17009100
2015-09-28,58.810001,60.119999,57.314999,57.389999,57.389999,20661600
2015-09-29,57.299999,58.650002,57.200001,57.82,57.82,16771000
2015-09-30,58.869999,60.080002,58.349998,58.970001,58.970001,16767100
2015-10-01,59.5,59.830002,58.23,58.869999,58.869999,8147700
2015-10-02,58.360001,63.240002,58.200001,63.200001,63.200001,22356300
2015-10-05,63.470001,64.775002,62.200001,63.93,63.93,13583500
2015-10-06,63.720001,64.730003,63.279999,63.919998,63.919998,9620900
2015-10-07,64.839996,66.660004,64.379997,66.279999,66.279999,15770100
2015-10-08,66.040001,68.410004,65.959999,67.699997,67.699997,18667500
2015-10-09,67.699997,69.449997,67.309998,68.709999,68.709999,14762900
2015-10-12,69.639999,70.470001,69.0,70.300003,70.300003,15549100
2015-10-13,69.489998,70.32,68.379997,69.68,69.68,13052800
2015-10-14,69.5,69.699997,67.425003,68.540001,68.540001,12286100
2015-10-15,69.339996,72.440002,69.260002,71.779999,71.779999,18203000
2015-10-16,72.5,73.639999,71.209999,71.989998,71.989998,15953500
2015-10-19,71.800003,73.0,71.522003,72.650002,72.650002,10886900
2015-10-20,72.989998,73.0,71.550003,71.790001,71.790001,11093400
2015-10-21,71.790001,71.790001,68.889999,69.480003,69.480003,16800200
2015-10-22,70.160004,71.629997,70.07,70.989998,70.989998,10811400
2015-10-23,73.980003,75.760002,72.839996,75.620003,75.620003,22510800
2015-10-26,75.440002,77.419998,75.129997,76.349998,76.349998,24819700
2015-10-27,76.349998,82.790001,76.349998,79.440002,79.440002,50815800
2015-10-28,79.480003,82.544998,79.199997,82.349998,82.349998,25027100
2015-10-29,81.970001,82.529999,80.82,82.220001,82.220001,16431700
2015-10-30,82.699997,84.440002,82.599998,83.830002,83.830002,20740500
2015-11-02,83.519997,84.830002,82.75,84.349998,84.349998,13827400
2015-11-03,84.0,84.589996,83.129997,83.440002,83.440002,11641300
2015-11-04,84.449997,85.599998,84.029999,85.400002,85.400002,23728500
2015-11-05,85.220001,86.419998,84.199997,85.379997,85.379997,20657200
2015-11-06,85.529999,86.349998,80.769997,83.610001,83.610001,38531000
2015-11-09,83.440002,83.470001,80.220001,81.379997,81.379997,19091500
2015-11-10,81.099998,82.43,79.620003,81.43,81.43,22004400
2015-11-11,82.279999,82.489998,78.120003,79.849998,79.849998,29636600
2015-11-12,78.989998,80.5,78.449997,78.760002,78.760002,18839800
2015-11-13,77.150002,78.0,75.639999,75.849998,75.849998,24235500
2015-11-16,75.830002,78.75,75.769997,78.300003,78.300003,17045500
2015-11-17,78.900002,79.139999,77.470001,78.129997,78.129997,12471400
2015-11-18,78.25,78.309998,76.150002,77.690002,77.690002,16735400
2015-11-19,78.059998,79.150002,77.403,77.870003,77.870003,15692700
2015-11-20,78.440002,80.785004,78.400002,79.949997,79.949997,21025800
2015-11-23,80.449997,82.190002,79.970001,81.309998,81.309998,18766400
2015-11-24,80.849998,81.110001,79.269997,80.860001,80.860001,15283600
2015-11-25,80.910004,82.675003,80.82,81.709999,81.709999,16330900
2015-11-27,80.57,81.410004,79.275002,81.379997,81.379997,12599900
2015-11-30,81.5,84.470001,81.379997,84.080002,84.080002,97914100
2015-12-01,83.769997,84.389999,83.5,84.0,84.0,26235500
2015-12-02,84.269997,85.82,84.25,85.0,85.0,36611500
2015-12-03,85.050003,85.099998,82.099998,82.589996,82.589996,23029200
2015-12-04,82.580002,85.0,82.419998,84.849998,84.849998,15555000
2015-12-07,84.800003,85.129997,84.199997,84.760002,84.760002,11875500
2015-12-08,82.769997,84.669998,82.610001,84.379997,84.379997,14667400
2015-12-09,84.370003,85.199997,82.970001,83.419998,83.419998,21919200
2015-12-10,83.339996,84.339996,82.849998,84.330002,84.330002,10474700
2015-12-11,82.849998,83.050003,79.421997,79.739998,79.739998,20793600
2015-12-14,80.150002,80.760002,78.989998,80.57,80.57,12077700
2015-12-15,81.059998,83.389999,80.900002,82.489998,82.489998,13054800
2015-12-16,83.300003,85.050003,82.995003,84.629997,84.629997,16575600
2015-12-17,85.0,85.32,82.849998,83.559998,83.559998,13003000
2015-12-18,83.199997,83.75,82.029999,82.650002,82.650002,12168700
2015-12-21,83.150002,83.730003,82.43,82.870003,82.870003,8094600
2015-12-22,82.889999,85.099998,82.889999,84.839996,84.839996,12778200
2015-12-23,85.050003,85.089996,83.720001,84.800003,84.800003,11238500
2015-12-24,84.559998,84.800003,83.410004,83.709999,83.709999,3775300
2015-12-28,82.559998,82.75,81.519997,82.139999,82.139999,9319400
2015-12-29,82.5,83.510002,82.410004,83.260002,83.260002,6942700
2015-12-30,82.949997,83.110001,81.5,81.68,81.68,6984300
2015-12-31,81.480003,82.169998,81.25,81.269997,81.269997,6744500
2016-01-04,78.18,78.309998,75.18,76.690002,76.690002,23066300
2016-01-05,77.919998,78.68,77.260002,78.629997,78.629997,14258900
2016-01-06,77.120003,78.485001,76.970001,77.330002,77.330002,11569300
2016-01-07,73.290001,75.5,71.540001,72.720001,72.720001,27288100
2016-01-08,74.330002,74.660004,70.669998,70.800003,70.800003,20814600
2016-01-11,71.290001,71.730003,69.019997,69.919998,69.919998,16961400
2016-01-12,71.449997,72.769997,71.0,72.68,72.68,13456000
2016-01-13,72.769997,73.238998,70.220001,70.290001,70.290001,12480200
2016-01-14,70.290001,72.720001,68.269997,72.25,72.25,17719600
2016-01-15,68.699997,71.0,67.541,69.589996,69.589996,20722500
2016-01-19,71.940002,72.309998,69.809998,70.129997,70.129997,17421700
2016-01-20,68.025002,69.112,65.339996,68.709999,68.709999,19464400
2016-01-21,68.779999,71.650002,67.143997,70.720001,70.720001,16576500
2016-01-22,72.510002,73.339996,69.889999,70.370003,70.370003,15834700
2016-01-25,70.800003,70.800003,69.019997,69.720001,69.720001,14782800
2016-01-26,69.010002,70.190002,68.879997,69.769997,69.769997,11473300
2016-01-27,69.959999,71.419998,68.745003,69.540001,69.540001,18257600
2016-01-28,72.550003,73.150002,66.669998,66.919998,66.919998,33165100
2016-01-29,67.980003,68.93,65.400002,67.029999,67.029999,25594700
2016-02-01,66.5,67.699997,65.349998,67.029999,67.029999,16213800
2016-02-02,67.050003,67.739998,64.660004,65.089996,65.089996,19150800
2016-02-03,65.599998,65.730003,60.869999,63.439999,63.439999,31918600
2016-02-04,64.330002,65.720001,63.099998,64.860001,64.860001,22911500
2016-02-05,64.709999,64.860001,62.18,62.639999,62.639999,12842800
2016-02-08,60.900002,62.049999,60.450001,61.099998,61.099998,16157900
2016-02-09,60.110001,62.220001,59.25,61.389999,61.389999,12738300
2016-02-10,61.900002,63.09,60.869999,61.779999,61.779999,8998600
2016-02-11,60.25,61.630001,59.849998,60.57,60.57,15008500
2016-02-12,61.27,62.779999,60.279999,60.889999,60.889999,13669600
2016-02-16,64.419998,66.889999,64.040001,66.290001,66.290001,21735400
2016-02-17,67.300003,67.389999,65.68,66.379997,66.379997,14457100
2016-02-18,67.0,68.5,66.230003,66.519997,66.519997,14547800
2016-02-19,66.800003,67.75,66.089996,67.279999,67.279999,12334900
2016-02-22,68.300003,69.529999,67.980003,68.839996,68.839996,13405400
2016-02-23,68.5,68.660004,66.464996,66.970001,66.970001,12930600
2016-02-24,66.169998,67.690002,65.209999,67.230003,67.230003,10781500
2016-02-25,65.669998,66.720001,64.660004,66.660004,66.660004,14686100
2016-02-26,68.089996,68.830002,66.860001,66.910004,66.910004,12084100
2016-02-29,67.639999,70.580002,67.559998,68.809998,68.809998,17984200
2016-03-01,70.019997,71.839996,69.860001,70.860001,70.860001,14007700
2016-03-02,72.040001,72.040001,70.75,71.25,71.25,10503000
2016-03-03,71.309998,72.589996,70.459999,71.019997,71.019997,11596400
2016-03-04,70.959999,72.959999,70.720001,72.220001,72.220001,10763600
2016-03-07,72.199997,73.980003,72.0,72.889999,72.889999,11244500
2016-03-08,72.400002,72.650002,70.959999,71.07,71.07,8670700
2016-03-09,71.589996,72.610001,70.68,72.43,72.43,7283400
2016-03-10,72.5,73.050003,70.605003,71.970001,71.970001,11247900
2016-03-11,72.580002,74.010002,72.220001,74.010002,74.010002,11219200
2016-03-14,74.010002,74.419998,72.889999,73.349998,73.349998,11069800
2016-03-15,72.620003,72.839996,71.75,72.230003,72.230003,8373700
2016-03-16,72.010002,73.660004,71.860001,73.5,73.5,7701200
2016-03-17,73.760002,74.370003,73.510002,74.25,74.25,9423900
2016-03-18,74.970001,76.300003,74.709999,76.25,76.25,13350100
2016-03-21,77.089996,79.68,76.940002,78.110001,78.110001,15493300
2016-03-22,77.0,78.550003,76.907997,78.18,78.18,9148400
2016-03-23,78.160004,78.980003,76.150002,76.559998,76.559998,10806800
2016-03-24,75.150002,76.150002,73.529999,75.860001,75.860001,8833400
2016-03-28,76.449997,76.889999,74.900002,76.480003,76.480003,6082100
2016-03-29,75.599998,78.239998,75.57,78.080002,78.080002,12535000
2016-03-30,79.010002,79.550003,78.540001,78.860001,78.860001,10696000
2016-03-31,78.5,79.839996,78.410004,79.029999,79.029999,11318500
2016-04-01,78.239998,79.019997,78.199997,78.730003,78.730003,9262200
2016-04-04,78.330002,79.550003,78.32,79.080002,79.080002,9817300
2016-04-05,78.199997,78.300003,76.910004,77.32,77.32,9603900
2016-04-06,77.300003,79.150002,77.190002,78.68,78.68,9071900
2016-04-07,77.599998,78.599998,77.182999,77.610001,77.610001,10937900
2016-04-08,78.269997,78.760002,76.621002,77.470001,77.470001,8401200
2016-04-11,78.07,78.588997,77.43,77.709999,77.709999,7896500
2016-04-12,78.0,78.239998,76.870003,77.860001,77.860001,7115400
2016-04-13,78.739998,79.720001,78.5,79.639999,79.639999,14150900
2016-04-14,79.309998,79.858002,78.360001,79.610001,79.610001,12611500
2016-04-15,79.449997,79.75,78.459999,78.970001,78.970001,11709100
2016-04-18,78.519997,79.120003,77.709999,79.010002,79.010002,7767000
2016-04-19,79.199997,80.480003,78.470001,79.459999,79.459999,14742000
2016-04-20,79.0,81.735001,78.989998,81.209999,81.209999,14911900
2016-04-21,81.080002,81.779999,80.199997,80.779999,80.779999,8819000
2016-04-22,80.120003,81.440002,79.154999,79.889999,79.889999,8649300
2016-04-25,79.800003,79.839996,78.68,78.839996,78.839996,9207600
2016-04-26,78.849998,79.559998,77.800003,78.610001,78.610001,9632700
2016-04-27,78.300003,78.620003,76.57,77.650002,77.650002,11491900
2016-04-28,77.650002,77.900002,76.089996,76.400002,76.400002,9959900
2016-04-29,76.809998,77.279999,75.660004,76.940002,76.940002,10124300
2016-05-02,76.889999,77.0,75.940002,76.610001,76.610001,7718100
2016-05-03,75.959999,76.269997,75.425003,75.910004,75.910004,8019200
2016-05-04,75.639999,75.910004,75.010002,75.82,75.82,14326600
2016-05-05,79.519997,79.940002,78.099998,78.830002,78.830002,27950900
2016-05-06,78.349998,79.720001,78.25,79.199997,79.199997,12862100
2016-05-09,78.940002,79.980003,78.889999,79.410004,79.410004,11795800
2016-05-10,79.790001,79.980003,79.150002,79.720001,79.720001,9319700
2016-05-11,79.43,80.485001,79.410004,79.800003,79.800003,11072500
2016-05-12,80.010002,80.449997,78.32,79.160004,79.160004,8791400
2016-05-13,78.824997,79.160004,76.970001,77.160004,77.160004,10078000
2016-05-16,77.860001,79.93,77.589996,79.290001,79.290001,11661000
2016-05-17,79.830002,80.199997,79.309998,79.349998,79.349998,10970700
2016-05-18,78.709999,80.0,78.470001,79.029999,79.029999,9085800
2016-05-19,78.650002,79.260002,77.599998,78.32,78.32,8317500
2016-05-20,78.32,79.449997,78.32,78.790001,78.790001,11043900
2016-05-23,78.949997,79.5,78.599998,79.0,79.0,7187500
2016-05-24,79.169998,81.309998,79.07,81.120003,81.120003,16707700
2016-05-25,78.529999,79.199997,74.120003,75.589996,75.589996,49606600
2016-05-26,75.589996,78.864998,75.589996,78.349998,78.349998,26968600
2016-05-27,78.489998,81.0,78.389999,80.970001,80.970001,24552900
2016-05-31,81.0,82.029999,80.199997,82.0,82.0,78861400
2016-06-01,82.0,82.0,76.550003,76.690002,76.690002,62531500
2016-06-02,76.650002,77.75,76.559998,77.300003,77.300003,45379500
2016-06-03,77.239998,77.800003,75.709999,76.620003,76.620003,23685700
2016-06-06,77.110001,78.330002,76.699997,78.059998,78.059998,19166100
2016-06-07,78.190002,78.370003,77.32,77.839996,77.839996,12878000
2016-06-08,78.0,78.529999,77.375,77.639999,77.639999,11614100
2016-06-09,77.389999,78.07,76.779999,77.559998,77.559998,8994400
2016-06-10,76.43,77.050003,75.760002,75.919998,75.919998,10421100
2016-06-13,75.25,76.455002,74.849998,75.449997,75.449997,11300800
2016-06-14,76.889999,78.449997,76.75,77.769997,77.769997,22358900
2016-06-15,78.309998,78.768997,77.510002,78.389999,78.389999,14734800
2016-06-16,77.839996,78.400002,76.199997,78.269997,78.269997,13570700
2016-06-17,78.449997,78.449997,76.480003,77.0,77.0,15582600
2016-06-20,77.900002,78.790001,77.839996,78.150002,78.150002,9625600
2016-06-21,78.75,79.080002,78.400002,78.620003,78.620003,8881800
2016-06-22,79.040001,79.120003,78.209999,78.730003,78.730003,8170900
2016-06-23,79.160004,79.459999,78.550003,79.139999,79.139999,8279500
2016-06-24,76.830002,77.5,75.43,76.290001,76.290001,18224800
2016-06-27,75.800003,75.970001,73.300003,74.230003,74.230003,15131300
2016-06-28,75.5,76.599998,75.5,76.279999,76.279999,11266200
2016-06-29,76.980003,78.480003,76.900002,78.040001,78.040001,11460000
2016-06-30,78.309998,79.760002,78.279999,79.529999,79.529999,12485300
2016-07-01,79.120003,80.050003,79.120003,79.650002,79.650002,7271300
2016-07-05,79.040001,79.550003,78.370003,78.970001,78.970001,6845200
2016-07-06,78.470001,78.82,77.68,78.639999,78.639999,7737600
2016-07-07,79.0,79.489998,78.709999,79.349998,79.349998,6819200
2016-07-08,78.440002,79.349998,77.800003,78.989998,78.989998,14029100
2016-07-11,79.330002,81.900002,79.239998,81.459999,81.459999,17417500
2016-07-12,81.790001,82.879997,81.510002,81.739998,81.739998,15294100
2016-07-13,81.830002,81.879997,80.370003,80.57,80.57,10739200
2016-07-14,81.18,82.239998,80.860001,81.739998,81.739998,9361500
2016-07-15,81.779999,82.489998,80.964996,81.25,81.25,8919900
2016-07-18,80.599998,82.790001,80.599998,82.650002,82.650002,12113600
2016-07-19,82.480003,83.690002,82.050003,82.769997,82.769997,9799400
2016-07-20,83.269997,84.699997,83.230003,84.419998,84.419998,13991000
2016-07-21,84.709999,85.0,83.660004,84.18,84.18,10163500
2016-07-22,84.0,84.5,83.809998,84.489998,84.489998,5988400
2016-07-25,84.470001,84.790001,82.610001,83.190002,83.190002,13185900
2016-07-26,82.860001,83.629997,82.629997,83.589996,83.589996,7714700
2016-07-27,83.599998,83.639999,83.0,83.099998,83.099998,11629000
2016-07-28,83.459999,83.489998,82.120003,83.120003,83.120003,7476500
2016-07-29,83.370003,83.419998,81.945,82.480003,82.480003,8709300
2016-08-01,82.790001,84.800003,82.589996,84.339996,84.339996,13401200
2016-08-02,84.339996,84.339996,82.910004,83.800003,83.800003,7691600
2016-08-03,83.300003,83.839996,83.169998,83.669998,83.669998,5365800
2016-08-04,83.75,84.980003,83.690002,84.75,84.75,10731600
2016-08-05,85.010002,85.080002,84.440002,84.589996,84.589996,9401700
2016-08-08,84.989998,85.019997,84.300003,85.0,85.0,11528200
2016-08-09,85.050003,85.629997,84.800003,85.239998,85.239998,15349200
2016-08-10,86.010002,87.730003,86.010002,87.330002,87.330002,28195900
2016-08-11,92.139999,92.800003,91.260002,91.769997,91.769997,54169200
2016-08-12,92.980003,98.349998,92.910004,98.25,98.25,71968300
2016-08-15,98.279999,98.860001,96.82,97.169998,97.169998,33813400
2016-08-16,96.150002,97.150002,95.050003,96.660004,96.660004,27514000
2016-08-17,96.169998,97.25,96.050003,97.0,97.0,14980900
2016-08-18,97.25,97.940002,96.620003,97.0,97.0,15009000
2016-08-19,96.910004,97.239998,96.339996,96.860001,96.860001,14267100
2016-08-22,96.470001,96.629997,94.75,95.650002,95.650002,16222900
2016-08-23,95.589996,96.480003,95.410004,95.790001,95.790001,9646800
2016-08-24,95.68,96.300003,93.559998,93.879997,93.879997,12726600
2016-08-25,93.75,94.690002,93.120003,93.940002,93.940002,13039900
2016-08-26,94.150002,95.449997,94.080002,95.059998,95.059998,14133900
2016-08-29,94.599998,95.160004,94.209999,94.879997,94.879997,8818300
2016-08-30,95.349998,96.68,95.169998,96.0,96.0,13994200
2016-08-31,96.139999,97.199997,96.010002,97.190002,97.190002,28617000
2016-09-01,97.300003,98.0,97.010002,97.419998,97.419998,13387400
2016-09-02,97.970001,99.665001,97.970001,99.25,99.25,17482600
2016-09-06,100.449997,104.300003,100.449997,103.779999,103.779999,32803800
2016-09-07,103.839996,104.0,102.260002,102.32,102.32,15758800
2016-09-08,101.93,103.779999,101.629997,102.57,102.57,15475500
2016-09-09,101.800003,102.209999,99.050003,99.620003,99.620003,21250400
2016-09-12,97.379997,101.379997,97.0,100.800003,100.800003,17318200
2016-09-13,100.379997,101.489998,98.839996,100.279999,100.279999,20004900
2016-09-14,100.080002,102.589996,100.019997,102.400002,102.400002,19604700
2016-09-15,102.620003,104.480003,102.529999,104.449997,104.449997,20795900
2016-09-16,104.0,105.389999,103.860001,104.639999,104.639999,20363500
2016-09-19,105.160004,105.5,102.195,103.029999,103.029999,15234600
2016-09-20,102.940002,103.730003,100.93,101.360001,101.360001,12863800
2016-09-21,102.459999,106.190002,102.209999,106.0,106.0,22997100
2016-09-22,107.57,109.760002,107.480003,109.360001,109.360001,35627700
2016-09-23,108.25,108.400002,106.709999,107.709999,107.709999,23083000
2016-09-26,106.519997,107.059998,105.300003,105.889999,105.889999,16805300
2016-09-27,106.519997,108.489998,106.370003,108.260002,108.260002,17556700
2016-09-28,108.440002,109.870003,107.160004,108.75,108.75,16371600
2016-09-29,106.510002,106.690002,104.57,105.550003,105.550003,30236700
2016-09-30,106.5,107.099998,105.790001,105.790001,105.790001,15577500
2016-10-03,105.449997,106.290001,104.980003,105.379997,105.379997,10849500
2016-10-04,105.93,106.230003,105.050003,105.449997,105.449997,11068800
2016-10-05,105.870003,107.449997,105.660004,106.959999,106.959999,13176500
2016-10-06,107.300003,107.510002,106.184998,107.080002,107.080002,9885600
2016-10-07,106.889999,107.550003,105.559998,106.0,106.0,8954400
2016-10-10,106.790001,109.0,106.559998,108.410004,108.410004,11516600
2016-10-11,107.889999,107.970001,104.75,105.230003,105.230003,14916600
2016-10-12,105.050003,105.110001,101.82,103.620003,103.620003,18435000
2016-10-13,102.059998,102.550003,99.0,102.150002,102.150002,22390000
2016-10-14,104.269997,104.699997,101.029999,101.849998,101.849998,12789500
2016-10-17,101.5,103.470001,101.269997,102.839996,102.839996,10351700
2016-10-18,104.470001,104.989998,103.309998,103.339996,103.339996,11107200
2016-10-19,104.330002,104.800003,103.650002,103.93,103.93,8918900
2016-10-20,104.199997,104.739998,103.57,103.849998,103.849998,7109800
2016-10-21,103.699997,103.940002,102.75,103.940002,103.940002,8073100
2016-10-24,104.980003,105.300003,103.550003,104.5,104.5,10898800
2016-10-25,104.860001,105.199997,104.019997,104.220001,104.220001,8985700
2016-10-26,103.68,104.0,102.699997,102.779999,102.779999,7579800
2016-10-27,103.379997,104.110001,101.849998,102.379997,102.379997,8807100
2016-10-28,102.349998,103.050003,101.550003,101.93,101.93,8479500
2016-10-31,102.650002,103.209999,101.419998,101.690002,101.690002,15837900
2016-11-01,100.43,101.239998,99.209999,101.150002,101.150002,21287300
2016-11-02,103.849998,104.099998,97.300003,98.510002,98.510002,36939900
2016-11-03,98.040001,99.300003,96.459999,97.75,97.75,17412600
2016-11-04,96.900002,98.790001,96.669998,97.57,97.57,9048500
2016-11-07,100.07,100.620003,99.160004,99.349998,99.349998,11198300
2016-11-08,99.389999,99.989998,98.360001,99.849998,99.849998,8091100
2016-11-09,97.379997,98.580002,95.800003,96.669998,96.669998,20948000
2016-11-10,98.339996,98.5,92.220001,94.339996,94.339996,27346700
2016-11-11,93.860001,94.089996,91.099998,92.989998,92.989998,23725800
2016-11-14,92.450996,92.540001,87.879997,89.769997,89.769997,27356200
2016-11-15,91.0,93.489998,90.75,91.0,91.0,16723000
2016-11-16,91.389999,93.68,91.330002,92.860001,92.860001,14079700
2016-11-17,94.709999,94.980003,93.639999,94.07,94.07,10380200
2016-11-18,94.849998,95.300003,92.669998,93.389999,93.389999,10032600
2016-11-21,94.050003,94.660004,93.0,93.410004,93.410004,8960000
2016-11-22,94.239998,94.419998,93.160004,93.209999,93.209999,10403600
2016-11-23,92.529999,93.400002,91.449997,93.029999,93.029999,11721700
2016-11-25,93.550003,93.75,92.769997,93.010002,93.010002,4868500
2016-11-28,93.019997,95.740997,93.0,93.760002,93.760002,14340100
2016-11-29,93.669998,96.055,93.389999,94.989998,94.989998,14146900
2016-11-30,95.279999,95.480003,93.300003,94.019997,94.019997,11447700
2016-12-01,94.0,94.055,89.18,89.860001,89.860001,24030700
2016-12-02,90.379997,91.739998,89.949997,90.480003,90.480003,11718800
2016-12-05,90.050003,91.400002,89.57,90.989998,90.989998,8902600
2016-12-06,91.559998,91.93,89.959999,90.400002,90.400002,7787800
2016-12-07,90.519997,91.650002,89.5,91.07,91.07,13240000
2016-12-08,91.800003,93.080002,91.029999,92.309998,92.309998,10919500
2016-12-09,92.510002,93.639999,92.279999,93.279999,93.279999,9177600
2016-12-12,92.050003,92.889999,91.699997,92.470001,92.470001,9355900
2016-12-13,92.800003,93.730003,91.870003,92.160004,92.160004,10491300
2016-12-14,91.830002,92.260002,90.830002,91.190002,91.190002,9153700
2016-12-15,90.0,90.599998,88.739998,88.849998,88.849998,19215500
2016-12-16,89.0,90.099998,88.559998,88.669998,88.669998,11341500
2016-12-19,88.610001,89.82,88.410004,88.93,88.93,10226300
2016-12-20,89.190002,90.309998,88.940002,89.839996,89.839996,8434700
2016-12-21,89.959999,90.43,89.25,89.25,89.25,9044900
2016-12-22,87.889999,88.260002,86.010002,86.800003,86.800003,14404500
2016-12-23,86.620003,87.68,86.620003,86.790001,86.790001,6344000
2016-12-27,86.720001,87.940002,86.709999,87.540001,87.540001,5228000
2016-12-28,88.300003,88.75,87.220001,87.370003,87.370003,6421100
2016-12-29,87.82,88.199997,87.160004,87.330002,87.330002,5467100
2016-12-30,87.57,88.099998,87.199997,87.809998,87.809998,7211100
2017-01-03,89.0,89.0,88.080002,88.599998,88.599998,8789400
2017-01-04,88.985001,90.889999,88.580002,90.510002,90.510002,11490200
2017-01-05,91.910004,94.809998,91.639999,94.370003,94.370003,16821500
2017-01-06,94.400002,94.5,93.0,93.889999,93.889999,7639800
2017-01-09,94.160004,95.650002,93.309998,94.720001,94.720001,10829500
2017-01-10,96.400002,97.903999,95.550003,96.75,96.75,14780600
2017-01-11,96.919998,97.449997,95.599998,96.940002,96.940002,8735900
2017-01-12,96.849998,96.849998,94.800003,95.900002,95.900002,8424700
2017-01-13,95.949997,97.379997,95.760002,96.269997,96.269997,10701100
2017-01-17,96.32,96.589996,95.0,96.120003,96.120003,6342400
2017-01-18,96.269997,96.269997,95.260002,96.0,96.0,6610700
2017-01-19,96.419998,96.699997,95.580002,96.169998,96.169998,7090000
2017-01-20,96.449997,97.150002,95.670998,96.059998,96.059998,9685800
2017-01-23,96.480003,98.669998,96.260002,98.410004,98.410004,14090300
2017-01-24,103.150002,103.190002,99.940002,101.43,101.43,37181500
2017-01-25,102.459999,104.269997,101.900002,104.059998,104.059998,23322800
2017-01-26,103.919998,104.57,102.169998,102.75,102.75,12504800
2017-01-27,102.25,102.699997,101.290001,102.07,102.07,8031000
2017-01-30,101.199997,101.459999,100.089996,101.019997,101.019997,8619800
2017-01-31,100.239998,102.089996,100.059998,101.309998,101.309998,7530000
2017-02-01,102.07,102.379997,100.870003,101.57,101.57,5736400
2017-02-02,101.279999,101.470001,100.559998,100.839996,100.839996,5371600
2017-02-03,101.5,101.559998,100.300003,100.389999,100.389999,6197600
2017-02-06,100.169998,101.706001,100.019997,100.900002,100.900002,6866700
2017-02-07,101.040001,101.599998,100.5,100.830002,100.830002,5655600
2017-02-08,101.550003,103.989998,101.160004,103.57,103.57,10178500
2017-02-09,103.57,104.18,102.559998,103.339996,103.339996,8435800
2017-02-10,103.879997,103.940002,102.309998,102.360001,102.360001,7680300
2017-02-13,102.82,104.440002,102.620003,103.099998,103.099998,9729000
2017-02-14,103.139999,103.599998,100.896004,101.589996,101.589996,10240700
2017-02-15,102.059998,102.129997,100.110001,101.550003,101.550003,12384400
2017-02-16,101.860001,102.099998,100.5,100.82,100.82,7464000
2017-02-17,100.690002,101.730003,100.300003,100.519997,100.519997,8258200
2017-02-21,101.029999,102.540001,100.910004,102.120003,102.120003,8189600
2017-02-22,102.480003,105.199997,102.419998,104.199997,104.199997,15779400
2017-02-23,104.720001,104.860001,101.82,102.459999,102.459999,10095600
2017-02-24,101.389999,103.0,101.300003,102.949997,102.949997,7356600
2017-02-27,102.5,103.824997,102.220001,103.599998,103.599998,6865900
2017-02-28,103.889999,103.989998,102.029999,102.900002,102.900002,8017500
2017-03-01,103.68,104.989998,103.209999,104.040001,104.040001,10331800
2017-03-02,103.800003,104.580002,102.769997,103.190002,103.190002,7983000
2017-03-03,102.989998,103.419998,102.440002,103.309998,103.309998,6320900
2017-03-06,102.760002,103.25,102.099998,102.309998,102.309998,6290700
2017-03-07,102.300003,103.307999,102.110001,102.629997,102.629997,4985200
2017-03-08,102.629997,104.290001,102.540001,103.220001,103.220001,7066700
2017-03-09,102.970001,103.75,102.760002,103.239998,103.239998,4523600
2017-03-10,103.43,103.699997,102.629997,103.389999,103.389999,4120700
2017-03-13,103.519997,106.25,103.470001,105.18,105.18,16118900
2017-03-14,104.610001,106.0,103.821999,104.25,104.25,7748400
2017-03-15,104.370003,104.489998,102.599998,103.690002,103.690002,11695200
2017-03-16,105.25,105.650002,104.301003,105.629997,105.629997,12445200
2017-03-17,105.169998,106.5,104.860001,105.610001,105.610001,8778900
2017-03-20,106.230003,108.199997,105.940002,107.25,107.25,12447900
2017-03-21,108.459999,108.699997,104.699997,105.089996,105.089996,13877700
2017-03-22,104.639999,106.120003,103.980003,106.089996,106.089996,7153000
2017-03-23,106.949997,108.830002,106.440002,108.25,108.25,13410800
2017-03-24,108.400002,109.129997,107.230003,108.040001,108.040001,7578400
2017-03-27,106.650002,108.190002,106.510002,108.080002,108.080002,7709400
2017-03-28,108.230003,108.949997,107.459999,107.800003,107.800003,6472000
2017-03-29,107.970001,109.739998,107.690002,109.510002,109.510002,8788700
2017-03-30,109.728996,110.449997,108.660004,108.849998,108.849998,10592500
2017-03-31,108.5,109.119003,107.779999,107.830002,107.830002,9002800
2017-04-03,108.849998,109.470001,107.519997,108.089996,108.089996,8391400
2017-04-04,107.870003,108.260002,106.879997,107.519997,107.519997,6480100
2017-04-05,108.360001,108.82,107.32,107.440002,107.440002,8205400
2017-04-06,107.589996,108.419998,107.150002,108.040001,108.040001,5211100
2017-04-07,107.879997,109.07,106.760002,108.989998,108.989998,8354900
2017-04-10,109.0,111.879997,108.839996,111.699997,111.699997,14798600
2017-04-11,111.400002,111.790001,109.459999,110.440002,110.440002,10012100
2017-04-12,110.5,111.699997,110.309998,110.629997,110.629997,8099800
2017-04-13,110.720001,111.449997,109.82,110.209999,110.209999,6857000
2017-04-17,110.910004,111.870003,110.300003,111.760002,111.760002,7128100
2017-04-18,111.199997,112.199997,110.866997,111.230003,111.230003,8305100
2017-04-19,111.989998,112.199997,110.57,110.760002,110.760002,9603800
2017-04-20,111.529999,113.599998,111.480003,112.959999,112.959999,13773500
2017-04-21,112.800003,113.169998,112.300003,113.110001,113.110001,8968300
2017-04-24,114.040001,115.160004,114.019997,114.860001,114.860001,13386600
2017-04-25,115.540001,115.82,114.800003,115.480003,115.480003,11434600
2017-04-26,115.370003,115.75,114.622002,114.970001,114.970001,6678800
2017-04-27,115.0,115.959999,114.830002,115.43,115.43,9441500
2017-04-28,115.900002,115.989998,115.0,115.5,115.5,6984900
2017-05-01,115.629997,117.239998,115.5,116.68,116.68,7332100
2017-05-02,117.07,118.690002,117.0,118.089996,118.089996,10048200
2017-05-03,117.949997,118.0,115.120003,116.57,116.57,10591100
2017-05-04,115.940002,116.410004,115.150002,115.860001,115.860001,6977800
2017-05-05,116.050003,116.150002,114.800003,116.040001,116.040001,7099400
2017-05-08,116.900002,117.510002,116.199997,116.860001,116.860001,6461900
2017-05-09,118.620003,120.0,118.07,120.0,120.0,15219900
2017-05-10,120.010002,120.330002,119.099998,119.980003,119.980003,9347300
2017-05-11,120.129997,120.5,118.25,120.160004,120.160004,11375500
2017-05-12,120.160004,120.468002,119.510002,120.339996,120.339996,9823900
2017-05-15,121.029999,121.489998,120.030998,121.400002,121.400002,11125500
2017-05-16,121.980003,124.339996,121.739998,124.019997,124.019997,18222100
2017-05-17,123.25,123.889999,120.5,120.720001,120.720001,19834700
2017-05-18,116.309998,122.629997,114.0,121.269997,121.269997,37121900
2017-05-19,123.959999,126.400002,123.07,123.220001,123.220001,21101700
2017-05-22,124.980003,125.589996,123.555,124.75,124.75,13493200
2017-05-23,124.669998,125.675003,122.849998,122.93,122.93,14370100
2017-05-24,123.07,123.683998,121.949997,122.809998,122.809998,8371500
2017-05-25,123.739998,124.449997,122.309998,123.629997,123.629997,12486500
2017-05-26,123.93,124.650002,123.099998,123.989998,123.989998,7558900
2017-05-30,124.080002,124.879997,123.529999,123.910004,123.910004,8343400
2017-05-31,123.639999,124.175003,122.0,122.459999,122.459999,11582200
2017-06-01,122.82,124.0,122.260002,123.970001,123.970001,8901400
2017-06-02,123.720001,124.529999,123.239998,124.129997,124.129997,7342100
2017-06-05,124.019997,125.559998,123.870003,125.370003,125.370003,10030600
2017-06-06,125.370003,126.199997,124.269997,124.620003,124.620003,9257100
2017-06-07,125.080002,125.910004,124.110001,125.639999,125.639999,9431600
2017-06-08,142.509995,143.699997,135.210007,142.339996,142.339996,81381500
2017-06-09,142.339996,148.289993,137.009995,139.440002,139.440002,54367400
2017-06-12,139.169998,139.389999,136.050003,139.080002,139.080002,32177600
2017-06-13,141.880005,142.244003,135.899994,136.600006,136.600006,40879600
2017-06-14,137.800003,139.25,135.259995,136.669998,136.669998,32862000
2017-06-15,135.639999,135.669998,133.100006,135.080002,135.080002,30510400
2017-06-16,136.279999,136.5,133.550003,134.869995,134.869995,36431300
2017-06-19,137.809998,140.399994,137.399994,139.470001,139.470001,24951600
2017-06-20,140.080002,140.630005,137.929993,138.380005,138.380005,20580500
2017-06-21,138.820007,143.5,138.020004,143.289993,143.289993,30911600
2017-06-22,142.050003,144.679993,140.880005,142.270004,142.270004,21897600
2017-06-23,142.100006,143.339996,141.600006,143.009995,143.009995,11759000
2017-06-26,144.029999,145.360001,141.270004,142.729996,142.729996,17828100
2017-06-27,143.899994,144.380005,141.100006,141.529999,141.529999,17374800
2017-06-28,142.649994,144.369995,141.479996,143.949997,143.949997,17759800
2017-06-29,143.160004,143.559998,137.520004,140.809998,140.809998,24130300
2017-06-30,141.029999,142.380005,139.919998,140.899994,140.899994,12276700
2017-07-03,141.75,142.490005,139.494995,140.990005,140.990005,6975700
2017-07-05,141.160004,145.0,140.330002,144.869995,144.869995,16995800
2017-07-06,143.009995,143.619995,141.830002,142.199997,142.199997,11934200
2017-07-07,142.649994,143.378998,141.830994,142.429993,142.429993,8046200
2017-07-10,143.0,144.160004,142.25,143.809998,143.809998,10351500
2017-07-11,144.289993,145.869995,143.259995,145.809998,145.809998,13519900
2017-07-12,147.380005,149.300003,146.850006,149.0,149.0,14955800
2017-07-13,149.520004,150.0,148.0,149.520004,149.520004,11683400
2017-07-14,150.119995,152.25,149.690002,151.830002,151.830002,11469400
2017-07-17,153.529999,153.699997,150.419998,151.229996,151.229996,15342700
2017-07-18,151.080002,154.600006,150.479996,153.75,153.75,15313000
2017-07-19,155.139999,156.410004,152.639999,153.149994,153.149994,16896100
2017-07-20,153.960007,154.119995,151.839996,152.110001,152.110001,16739800
2017-07-21,151.789993,152.149994,150.309998,151.889999,151.889999,11452700
2017-07-24,152.770004,153.229996,151.600006,152.259995,152.259995,10649100
2017-07-25,152.360001,152.75,150.850006,152.440002,152.440002,8460300
2017-07-26,152.529999,156.0,152.360001,155.789993,155.789993,14466300
2017-07-27,157.850006,160.389999,151.330002,154.149994,154.149994,26058500
2017-07-28,153.960007,158.960007,152.820007,157.559998,157.559998,14449400
2017-07-31,158.899994,159.389999,153.5,154.949997,154.949997,17782400
2017-08-01,156.25,156.610001,153.800003,154.729996,154.729996,12035300
2017-08-02,155.470001,155.75,149.100006,151.910004,151.910004,19529300
2017-08-03,152.100006,153.800003,149.600006,153.320007,153.320007,12435400
2017-08-04,154.320007,154.320007,152.160004,153.330002,153.330002,10035600
2017-08-07,154.830002,158.990005,154.369995,158.839996,158.839996,15906400
2017-08-08,158.559998,159.839996,156.800003,157.5,157.5,15447100
2017-08-09,156.050003,157.710007,155.199997,157.490005,157.490005,11022600
2017-08-10,156.199997,156.5,151.25,151.770004,151.770004,19298900
2017-08-11,150.509995,152.570007,147.5,151.699997,151.699997,22327400
2017-08-14,154.770004,155.080002,153.100006,154.610001,154.610001,14601800
2017-08-15,155.740005,158.320007,154.0,157.75,157.75,18635700
2017-08-16,160.0,160.350006,158.535004,159.5,159.5,21318300
2017-08-17,166.119995,168.0,163.509995,163.919998,163.919998,56840300
2017-08-18,165.360001,169.5,164.100006,167.5,167.5,31492500
2017-08-21,168.289993,170.600006,166.979996,169.25,169.25,22352300
2017-08-22,170.020004,174.770004,169.639999,174.460007,174.460007,24481900
2017-08-23,172.899994,176.229996,172.75,175.800003,175.800003,21939000
2017-08-24,177.0,177.0,174.300003,175.0,175.0,20795200
2017-08-25,174.800003,174.940002,171.110001,171.740005,171.740005,24184700
2017-08-28,171.149994,171.339996,167.059998,168.300003,168.300003,24615900
2017-08-29,165.149994,169.229996,164.350006,167.410004,167.410004,19587300
2017-08-30,169.149994,172.389999,169.149994,171.25,171.25,17770000
2017-08-31,172.539993,172.899994,170.25,171.740005,171.740005,16486800
2017-09-01,171.990005,172.386002,170.649994,171.039993,171.039993,11166600
2017-09-05,169.470001,171.929993,168.738007,169.919998,169.919998,14943600
2017-09-06,170.169998,171.110001,167.0,168.139999,168.139999,19988300
2017-09-07,169.259995,170.970001,168.0,170.479996,170.479996,15141900
2017-09-08,169.990005,171.220001,168.919998,169.0,169.0,12345300
2017-09-11,171.5,174.199997,171.5,174.059998,174.059998,18257900
2017-09-12,174.889999,175.619995,173.369995,175.309998,175.309998,15629700
2017-09-13,175.75,179.100006,175.559998,178.970001,178.970001,22060700
2017-09-14,177.539993,179.929993,176.020004,177.100006,177.100006,22827700
2017-09-15,177.899994,179.75,176.699997,176.699997,176.699997,26567600
2017-09-18,178.889999,180.289993,177.75,179.979996,179.979996,22919800
2017-09-19,180.690002,180.869995,179.25,180.070007,180.070007,14751900
2017-09-20,180.020004,180.5,176.151001,177.949997,177.949997,15396700
2017-09-21,178.050003,178.860992,175.300003,177.389999,177.389999,14578800
2017-09-22,176.199997,178.419998,175.679993,178.139999,178.139999,12749700
2017-09-25,176.479996,177.0,167.5,169.589996,169.589996,34033700
2017-09-26,170.009995,171.899994,166.789993,167.020004,167.020004,23696200
2017-09-27,169.839996,171.949997,169.449997,170.990005,170.990005,19444200
2017-09-28,170.910004,171.880005,169.567001,170.240005,170.240005,13957000
2017-09-29,171.110001,173.539993,170.740005,172.710007,172.710007,13401800
2017-10-02,174.570007,175.130005,172.570007,173.610001,173.610001,12563400
2017-10-03,176.059998,178.779999,173.610001,178.559998,178.559998,16714600
2017-10-04,178.059998,180.0,177.300003,178.710007,178.710007,11420600
2017-10-05,179.0,179.729996,176.029999,178.889999,178.889999,11895300
2017-10-06,177.850006,179.869995,177.610001,179.199997,179.199997,8749300
2017-10-09,178.970001,183.132004,178.75,182.089996,182.089996,15011600
2017-10-10,181.649994,184.460007,181.360001,183.119995,183.119995,13201300
2017-10-11,183.0,184.699997,182.600998,184.690002,184.690002,11974400
2017-10-12,184.039993,184.389999,180.348007,180.529999,180.529999,15441200
2017-10-13,180.960007,181.399994,177.970001,178.449997,178.449997,18107700
2017-10-16,180.0,180.050003,178.509995,179.559998,179.559998,12855900
2017-10-17,179.580002,180.119995,175.300003,175.320007,175.320007,20132200
2017-10-18,177.089996,180.0,176.279999,179.610001,179.610001,21736500
2017-10-19,177.001007,179.610001,175.449997,177.929993,177.929993,13539000
2017-10-20,179.020004,179.520004,177.080002,177.320007,177.320007,11953200
2017-10-23,177.800003,178.009995,173.050003,173.130005,173.130005,17610900
2017-10-24,174.0,175.979996,173.259995,173.699997,173.699997,11946000
2017-10-25,174.690002,175.440002,169.300003,170.220001,170.220001,18109400
2017-10-26,170.619995,171.449997,168.580002,170.320007,170.320007,13527400
2017-10-27,173.190002,177.0,171.110001,176.149994,176.149994,19712600
2017-10-30,178.429993,181.899994,177.589996,181.580002,181.580002,20219700
2017-10-31,183.570007,185.119995,181.811005,184.889999,184.889999,21256700
2017-11-01,187.880005,188.880005,183.580002,186.080002,186.080002,28594700
2017-11-02,190.990005,191.220001,183.309998,184.809998,184.809998,41239900
2017-11-03,186.509995,186.929993,182.059998,183.210007,183.210007,19697300
2017-11-06,184.070007,188.25,184.0,187.839996,187.839996,19873100
2017-11-07,189.580002,189.860001,187.0,188.509995,188.509995,17781000
2017-11-08,187.979996,188.149994,185.100006,185.899994,185.899994,13944600
2017-11-09,184.210007,185.130005,181.050003,185.130005,185.130005,19755600
2017-11-10,187.029999,187.169998,185.399994,186.410004,186.410004,15031000
2017-11-13,186.770004,187.880005,184.0,184.539993,184.539993,17139100
2017-11-14,184.300003,184.380005,181.149994,181.789993,181.789993,14475300
2017-11-15,179.369995,181.880005,176.735992,181.479996,181.479996,16567000
2017-11-16,183.309998,186.270004,183.119995,185.429993,185.429993,18389500
2017-11-17,185.919998,186.5,184.669998,185.130005,185.130005,13422700
2017-11-20,187.600006,190.0,186.610992,188.0,188.0,25992300
2017-11-21,190.350006,191.559998,188.800003,190.899994,190.899994,19639500
2017-11-22,191.539993,191.75,189.369995,189.839996,189.839996,14417600
2017-11-24,189.389999,191.699997,188.699997,191.190002,191.190002,9887300
2017-11-27,190.490005,191.449997,187.550003,188.029999,188.029999,14952800
2017-11-28,188.830002,189.100006,186.5,186.690002,186.690002,13378100
2017-11-29,185.25,185.410004,173.619995,179.910004,179.910004,40204100
2017-11-30,179.529999,179.800003,176.320007,177.080002,177.080002,25851100
2017-12-01,175.270004,179.800003,173.800003,174.610001,174.610001,26782300
2017-12-04,177.199997,177.580002,168.259995,169.580002,169.580002,35895100
2017-12-05,165.279999,172.960007,164.25,168.960007,168.960007,31609900
2017-12-06,172.630005,173.229996,167.865005,172.630005,172.630005,23897800
2017-12-07,175.289993,175.820007,172.259995,174.470001,174.470001,15697900
2017-12-08,177.570007,178.960007,176.369995,177.619995,177.619995,23543400
2017-12-11,179.899994,180.679993,178.149994,179.289993,179.289993,15626200
2017-12-12,174.639999,178.160004,173.770004,174.639999,174.639999,22656500
2017-12-13,175.190002,177.699997,174.300003,176.470001,176.470001,18653400
2017-12-14,173.110001,173.389999,169.610001,171.75,171.75,32830000
2017-12-15,172.889999,173.550003,170.0,173.550003,173.550003,41356700
2017-12-18,174.600006,174.699997,172.369995,173.369995,173.369995,17023300
2017-12-19,171.970001,173.0,170.509995,171.279999,171.279999,23936200
2017-12-20,171.789993,172.899994,170.800003,172.639999,172.639999,17121400
2017-12-21,172.800003,176.25,172.651001,175.320007,175.320007,14812400
2017-12-22,175.839996,176.660004,175.039993,176.289993,176.289993,12524700
2017-12-26,174.550003,175.149994,171.729996,172.330002,172.330002,12913800
2017-12-27,172.289993,173.869995,171.729996,172.970001,172.970001,10152300
2017-12-28,173.039993,173.529999,171.669998,172.300003,172.300003,9508100
2017-12-29,172.279999,173.669998,171.199997,172.429993,172.429993,9704600
2018-01-02,176.399002,184.100006,175.699997,183.649994,183.649994,29916900
2018-01-03,185.190002,185.634995,181.399994,184.0,184.0,20121900
2018-01-04,185.899994,187.746994,184.429993,185.710007,185.710007,19473800
2018-01-05,187.169998,190.75,186.300995,190.699997,190.699997,18168300
2018-01-08,190.460007,191.660004,189.070007,190.330002,190.330002,16230100
2018-01-09,191.130005,192.490005,188.0,190.800003,190.800003,19495100
2018-01-10,188.100006,190.389999,186.580002,189.789993,189.789993,17943800
2018-01-11,189.729996,190.429993,188.100006,188.75,188.75,12400400
2018-01-12,189.910004,190.199997,187.25,187.789993,187.789993,11789600
2018-01-16,190.399994,191.740005,181.75,182.399994,182.399994,27428500
2018-01-17,183.300003,184.800003,179.320007,183.830002,183.830002,21346500
2018-01-18,184.279999,185.845001,182.690002,184.399994,184.399994,14190700
2018-01-19,185.149994,185.238998,182.800003,184.050003,184.050003,15349300
2018-01-22,184.975006,185.039993,181.679993,184.020004,184.020004,16016300
2018-01-23,185.279999,192.399994,183.539993,192.279999,192.279999,31305900
2018-01-24,194.710007,198.860001,192.399994,195.529999,195.529999,34497300
2018-01-25,196.339996,199.589996,194.100006,198.330002,198.330002,23421600
2018-01-26,200.330002,205.229996,199.210007,205.220001,205.220001,23768600
2018-01-29,204.830002,205.690002,201.820007,203.009995,203.009995,21908600
2018-01-30,198.679993,202.539993,196.490005,199.660004,199.660004,23377500
2018-01-31,202.820007,206.199997,202.800003,204.289993,204.289993,26982500
2018-02-01,192.75,199.490005,191.139999,192.220001,192.220001,52628900
2018-02-02,194.789993,195.679993,186.800003,187.309998,187.309998,32233900
2018-02-05,183.699997,190.470001,179.899994,180.529999,180.529999,31084000
2018-02-06,174.720001,185.589996,174.169998,185.169998,185.169998,35804500
2018-02-07,183.5,186.830002,180.300003,180.300003,180.300003,19672100
2018-02-08,182.270004,183.100006,171.389999,173.699997,173.699997,32051300
2018-02-09,175.119995,177.615997,168.880005,176.669998,176.669998,28049500
2018-02-12,180.440002,180.789993,175.085999,177.440002,177.440002,18280300
2018-02-13,177.419998,182.149994,177.0,179.25,179.25,15507000
2018-02-14,179.220001,186.929993,178.899994,186.759995,186.759995,21047400
2018-02-15,189.25,189.559998,184.431,187.449997,187.449997,14361100
2018-02-16,186.75,188.270004,183.539993,183.679993,183.679993,16008400
2018-02-20,183.669998,188.830002,183.0,187.190002,187.190002,14854900
2018-02-21,189.369995,193.169998,188.460007,188.820007,188.820007,22071600
2018-02-22,190.199997,190.740005,187.770004,188.75,188.75,12282800
2018-02-23,190.179993,193.404999,189.949997,193.289993,193.289993,16937300
2018-02-26,194.460007,195.149994,190.649994,194.190002,194.190002,19463100
2018-02-27,192.589996,193.567001,187.210007,188.259995,188.259995,23218500
2018-02-28,187.25,188.240005,185.0,186.139999,186.139999,19367600
2018-03-01,186.179993,187.479996,180.050003,181.990005,181.990005,17286300
2018-03-02,178.009995,180.229996,175.449997,179.759995,179.759995,18909100
2018-03-05,179.410004,181.949997,177.070007,181.600006,181.600006,15656700
2018-03-06,185.190002,188.009995,184.820007,187.369995,187.369995,17856100
2018-03-07,184.369995,189.070007,184.320007,189.050003,189.050003,13728900
2018-03-08,189.050003,190.229996,186.570007,187.179993,187.179993,14331400
2018-03-09,189.639999,190.699997,188.009995,190.550003,190.550003,14208400
2018-03-12,192.300003,194.399994,190.899994,192.740005,192.740005,17826200
2018-03-13,193.880005,194.25,187.389999,188.410004,188.410004,14826700
2018-03-14,190.289993,193.630005,190.220001,192.559998,192.559998,20032300
2018-03-15,198.440002,201.5,196.520004,199.059998,199.059998,33504600
2018-03-16,198.399994,200.380005,197.259995,200.279999,200.279999,26948700
2018-03-19,198.0,198.429993,192.800995,194.529999,194.529999,19681400
2018-03-20,194.949997,199.210007,194.539993,198.949997,198.949997,11952000
2018-03-21,198.800003,198.880005,194.570007,195.300003,195.300003,12047300
2018-03-22,190.75,192.389999,184.600006,184.649994,184.649994,25355700
2018-03-23,186.850006,187.139999,180.401001,181.199997,181.199997,18714400
2018-03-26,187.889999,190.619995,184.320007,190.5,190.5,16758700
2018-03-27,192.240005,192.25,180.660004,181.889999,181.889999,16627900
2018-03-28,180.729996,183.440002,177.570007,178.910004,178.910004,20081100
2018-03-29,180.880005,185.130005,178.619995,183.539993,183.539993,16378900
2018-04-02,182.809998,183.509995,175.75,177.610001,177.610001,16028700
2018-04-03,179.259995,179.580002,173.0,174.669998,174.669998,19975100
2018-04-04,166.880005,172.410004,166.130005,172.070007,172.070007,24573600
2018-04-05,175.479996,176.559998,171.169998,172.570007,172.570007,18250900
2018-04-06,169.839996,172.270004,166.399994,167.520004,167.520004,18210000
2018-04-09,169.75,172.720001,168.610001,169.869995,169.869995,14717300
2018-04-10,175.100006,177.880005,173.850006,177.100006,177.100006,20436200
2018-04-11,176.479996,178.160004,174.740005,175.360001,175.360001,10170500
2018-04-12,175.929993,177.899994,174.559998,175.919998,175.919998,11133900
2018-04-13,176.720001,176.800003,171.070007,172.039993,172.039993,13526200
2018-04-16,172.009995,174.789993,171.009995,174.699997,174.699997,9876200
2018-04-17,174.830002,179.339996,174.830002,178.699997,178.699997,16285800
2018-04-18,178.899994,182.880005,177.639999,182.679993,182.679993,16972700
2018-04-19,183.259995,183.630005,179.520004,181.389999,181.389999,11989000
2018-04-20,179.360001,181.389999,177.529999,179.110001,179.110001,14473100
2018-04-23,178.630005,179.320007,174.710007,175.570007,175.570007,12033900
2018-04-24,177.630005,178.0,170.679993,173.089996,173.089996,14567500
2018-04-25,170.520004,171.300003,166.639999,170.220001,170.220001,17132900
2018-04-26,173.25,174.360001,172.050003,173.899994,173.899994,13398000
2018-04-27,177.110001,178.199997,174.009995,177.160004,177.160004,15062500
2018-04-30,178.089996,180.039993,177.050003,178.539993,178.539993,14654000
2018-05-01,177.580002,180.320007,177.440002,179.5,179.5,10787700
2018-05-02,180.800003,184.264008,180.110001,181.449997,181.449997,20681800
2018-05-03,183.5,183.589996,175.770004,182.449997,182.449997,26257600
2018-05-04,180.399994,190.600006,178.619995,188.889999,188.889999,57788300
2018-05-07,190.410004,196.600006,190.300003,195.350006,195.350006,29862200
2018-05-08,194.199997,197.339996,193.009995,196.309998,196.309998,21856300
2018-05-09,195.839996,197.380005,194.5,195.429993,195.429993,13780600
2018-05-10,196.300003,199.770004,195.160004,195.960007,195.960007,21295000
2018-05-11,196.399994,196.460007,193.380005,194.360001,194.360001,12741100
2018-05-14,195.899994,200.0,195.869995,198.639999,198.639999,17627100
2018-05-15,195.229996,196.779999,193.860001,196.610001,196.610001,12694900
2018-05-16,196.75,199.75,196.300003,198.110001,198.110001,12887500
2018-05-17,196.0,198.429993,195.570007,196.020004,196.020004,13470500
2018-05-18,196.429993,197.779999,194.720001,195.0,195.0,14242300
2018-05-21,197.800003,199.789993,196.399994,197.639999,197.639999,13830500
2018-05-22,198.300003,198.626999,195.699997,195.869995,195.869995,9700100
2018-05-23,193.880005,196.899994,192.800995,196.800003,196.800003,12807400
2018-05-24,198.119995,199.720001,195.697006,197.369995,197.369995,18527700
2018-05-25,197.570007,201.5,197.210007,199.199997,199.199997,21270000
2018-05-29,197.940002,202.279999,197.0,198.0,198.0,18768700
2018-05-30,199.699997,200.539993,197.5,197.979996,197.979996,13930600
2018-05-31,198.0,199.479996,196.850006,198.009995,198.009995,17982500
2018-06-01,199.5,204.990005,199.449997,204.339996,204.339996,23131900
2018-06-04,205.119995,209.75,204.729996,208.949997,208.949997,19357000
2018-06-05,209.949997,211.699997,207.130005,208.369995,208.369995,17787700
2018-06-06,209.860001,210.460007,207.289001,208.300003,208.300003,13800500
2018-06-07,207.460007,209.0,200.880005,203.619995,203.619995,26747800
2018-06-08,201.110001,206.229996,200.429993,205.070007,205.070007,17525200
2018-06-11,206.5,207.600006,205.009995,205.699997,205.699997,12061400
2018-06-12,206.949997,209.800003,206.899994,209.080002,209.080002,15910900
2018-06-13,209.440002,209.649994,206.600006,206.619995,206.619995,13844200
2018-06-14,207.720001,211.119995,207.509995,210.860001,210.860001,18838300
2018-06-15,207.490005,210.080002,206.009995,208.0,208.0,28665600
2018-06-18,205.160004,208.600006,203.880005,208.570007,208.570007,14645200
2018-06-19,203.529999,204.509995,199.5,204.429993,204.429993,24484200
2018-06-20,205.050003,207.229996,205.020004,206.229996,206.229996,15559600
2018-06-21,205.839996,206.0,201.039993,202.210007,202.210007,13963800
2018-06-22,203.380005,203.800003,200.25,202.009995,202.009995,9585000
2018-06-25,197.850006,198.100006,187.860001,191.25,191.25,32750900
2018-06-26,193.339996,193.660004,188.419998,191.419998,191.419998,20740400
2018-06-27,193.460007,193.600006,184.889999,185.020004,185.020004,23887000
2018-06-28,183.199997,188.960007,182.039993,188.380005,188.380005,19553800
2018-06-29,185.360001,188.970001,184.259995,185.529999,185.529999,26023400
2018-07-02,181.660004,186.360001,181.059998,186.360001,186.360001,17325900
2018-07-03,187.880005,188.5,184.360001,184.75,184.75,11673700
2018-07-05,187.169998,187.440002,182.899994,186.880005,186.880005,18412100
2018-07-06,186.009995,192.490005,185.539993,192.270004,192.270004,17035600
2018-07-09,194.449997,194.690002,190.869995,192.75,192.75,15466400
2018-07-10,192.889999,195.130005,191.479996,192.550003,192.550003,12611400
2018-07-11,188.600006,190.050003,187.419998,187.419998,187.419998,15947000
2018-07-12,190.770004,192.580002,189.789993,190.169998,190.169998,17440400
2018-07-13,191.610001,192.119995,189.300003,190.039993,190.039993,12550500
2018-07-16,189.570007,191.369995,189.149994,190.350006,190.350006,12205600
2018-07-17,188.649994,192.949997,187.899994,192.660004,192.660004,13270700
2018-07-18,192.449997,193.229996,189.910004,190.789993,190.789993,10796600
2018-07-19,188.679993,189.679993,186.869995,187.339996,187.339996,13373100
2018-07-20,189.490005,189.5,186.610001,187.25,187.25,12807500
2018-07-23,187.179993,187.809998,184.800003,187.039993,187.039993,10996200
2018-07-24,190.190002,193.070007,188.350006,189.0,189.0,18414800
2018-07-25,190.610001,198.350006,190.139999,197.979996,197.979996,20735400
2018-07-26,193.210007,196.119995,192.619995,194.179993,194.179993,13885500
2018-07-27,196.100006,196.270004,186.929993,189.419998,189.419998,19907100
2018-07-30,190.220001,190.589996,182.059998,184.820007,184.820007,19906300
2018-07-31,186.399994,188.947998,183.990005,187.229996,187.229996,17016600
2018-08-01,186.0,189.059998,183.960007,185.270004,185.270004,14370700
2018-08-02,181.539993,182.899994,179.779999,182.600006,182.600006,20976500
2018-08-03,184.149994,184.5,180.080002,180.839996,180.839996,18185100
2018-08-06,180.699997,180.860001,177.490005,178.619995,178.619995,35419000
2018-08-07,180.289993,183.0,179.740005,179.919998,179.919998,20620300
2018-08-08,180.0,180.179993,176.550003,177.520004,177.520004,21152400
2018-08-09,179.309998,180.630005,176.759995,177.190002,177.190002,35220900
2018-08-10,175.570007,180.449997,174.75,180.009995,180.009995,22049200
2018-08-13,179.649994,180.649994,177.0,177.679993,177.679993,14674000
2018-08-14,175.139999,176.199997,170.770004,172.529999,172.529999,38508600
2018-08-15,167.110001,169.850006,165.389999,169.830002,169.830002,41278600
2018-08-16,172.330002,175.699997,171.570007,171.990005,171.990005,34263300
2018-08-17,172.520004,174.199997,168.380005,172.779999,172.779999,24695400
2018-08-20,175.220001,178.860001,174.360001,176.289993,176.289993,25900700
2018-08-21,177.630005,179.669998,176.970001,177.919998,177.919998,20337400
2018-08-22,178.149994,179.740005,175.5,177.850006,177.850006,27138500
2018-08-23,184.970001,186.5,171.910004,172.229996,172.229996,78843400
2018-08-24,175.0,176.369995,172.449997,174.229996,174.229996,30442800
2018-08-27,177.100006,180.880005,176.220001,180.649994,180.649994,23533800
2018-08-28,182.149994,182.380005,177.5,178.190002,178.190002,15319000
2018-08-29,179.350006,179.660004,176.830002,178.5,178.5,11892600
2018-08-30,177.330002,178.100006,174.121994,174.600006,174.600006,17086200
2018-08-31,173.110001,176.681,172.759995,175.009995,175.009995,13730800
2018-09-04,173.5,173.949997,169.0,170.440002,170.440002,23450500
2018-09-05,167.479996,168.279999,162.029999,164.229996,164.229996,35694700
2018-09-06,164.160004,166.479996,158.669998,159.869995,159.869995,33052000
2018-09-07,159.949997,164.610001,159.509995,162.369995,162.369995,19452400
2018-09-10,158.589996,160.720001,155.0,156.360001,156.360001,39092700
2018-09-11,153.179993,158.449997,152.850006,157.460007,157.460007,25884100
2018-09-12,158.199997,162.820007,156.181,161.460007,161.460007,32490500
2018-09-13,165.410004,167.220001,164.009995,165.529999,165.529999,25696500
2018-09-14,167.880005,168.0,163.380997,164.740005,164.740005,23417700
2018-09-17,161.5,161.649994,158.289001,158.889999,158.889999,20423200
2018-09-18,156.880005,159.399994,155.520004,156.649994,156.649994,27240600
2018-09-19,158.820007,163.130005,158.820007,162.630005,162.630005,23028300
2018-09-20,166.889999,167.699997,164.716003,165.880005,165.880005,22818100
2018-09-21,169.460007,169.839996,164.5,164.630005,164.630005,22081900
2018-09-24,162.809998,163.399002,160.100006,163.160004,163.160004,13123400
2018-09-25,164.050003,165.440002,162.830002,164.25,164.25,9588700
2018-09-26,165.520004,167.389999,164.869995,165.399994,165.399994,13592500
2018-09-27,166.389999,167.050003,164.919998,166.320007,166.320007,12689200
2018-09-28,164.899994,165.660004,163.300003,164.759995,164.759995,10486500
2018-10-01,165.919998,165.949997,161.559998,162.0,162.0,10615200
2018-10-02,159.789993,161.028,158.270004,160.229996,160.229996,14730500
2018-10-03,163.149994,164.539993,161.929993,162.369995,162.369995,13118800
2018-10-04,160.059998,160.080002,153.869995,156.130005,156.130005,32176100
2018-10-05,156.139999,157.119995,152.25,154.630005,154.630005,20271000
2018-10-08,150.199997,152.636002,148.339996,151.139999,151.139999,25060400
2018-10-09,147.970001,150.589996,146.470001,146.940002,146.940002,31070200
2018-10-10,142.5,144.0,137.919998,138.289993,138.289993,55828800
2018-10-11,135.529999,142.910004,135.139999,141.899994,141.899994,43210300
2018-10-12,148.619995,149.0,144.520004,147.289993,147.289993,30764400
2018-10-15,144.770004,145.690002,142.300003,144.160004,144.160004,18567100
2018-10-16,145.710007,149.759995,145.259995,149.600006,149.600006,18365900
2018-10-17,150.679993,150.679993,146.369995,148.139999,148.139999,16872400
2018-10-18,145.850006,146.279999,140.800003,142.020004,142.020004,20618900
2018-10-19,145.339996,146.770004,142.610001,142.929993,142.929993,14855100
2018-10-22,148.990005,150.199997,146.100006,148.800003,148.800003,22589300
2018-10-23,143.220001,147.509995,142.619995,146.649994,146.649994,19950500
2018-10-24,145.179993,146.690002,139.339996,139.610001,139.610001,18512300
2018-10-25,142.5,144.910004,141.009995,144.600006,144.600006,13655100
2018-10-26,139.0,145.828995,138.550003,142.869995,142.869995,19476900
2018-10-29,142.419998,144.0,131.360001,133.380005,133.380005,35121700
2018-10-30,132.279999,136.399994,130.059998,136.330002,136.330002,25230000
2018-10-31,141.350006,142.649994,139.139999,142.279999,142.279999,23654600
2018-11-01,144.979996,152.317993,138.619995,151.25,151.25,47039300
2018-11-02,152.559998,154.360001,146.279999,147.589996,147.589996,45985800
2018-11-05,146.220001,149.369995,144.229996,144.639999,144.639999,16197300
2018-11-06,145.869995,149.960007,145.324997,147.440002,147.440002,17849800
2018-11-07,150.770004,152.800003,148.940002,152.5,152.5,17884400
2018-11-08,150.990005,151.880005,146.690002,148.990005,148.990005,17067100
2018-11-09,145.570007,145.720001,142.479996,144.850006,144.850006,16220000
2018-11-12,145.009995,146.406006,139.970001,142.820007,142.820007,16516500
2018-11-13,144.830002,149.940002,143.910004,146.979996,146.979996,19575100
2018-11-14,150.210007,152.149994,148.440002,150.440002,150.440002,21786000
2018-11-15,152.899994,157.399994,150.889999,156.220001,156.220001,30083500
2018-11-16,155.039993,155.800003,152.141998,154.100006,154.100006,20039400
2018-11-19,152.020004,153.210007,148.770004,149.529999,149.529999,18087800
2018-11-20,144.479996,148.070007,142.820007,145.979996,145.979996,19473200
2018-11-21,149.059998,151.479996,148.649994,149.410004,149.410004,14718600
2018-11-23,147.300003,151.169998,147.0,150.330002,150.330002,7437500
2018-11-26,153.210007,156.529999,152.369995,156.009995,156.009995,16152700
2018-11-27,154.639999,157.940002,153.580002,156.460007,156.460007,17911800
2018-11-28,159.009995,159.800003,155.259995,159.339996,159.339996,20767100
2018-11-29,158.080002,159.0,153.539993,156.279999,156.279999,20532200
2018-11-30,157.899994,160.860001,156.720001,160.860001,160.860001,35071200
2018-12-03,168.639999,168.800003,163.509995,163.740005,163.740005,31174000
2018-12-04,164.880005,164.979996,156.460007,158.339996,158.339996,22198600
2018-12-06,153.0,155.869995,150.509995,155.830002,155.830002,25335500
2018-12-07,155.399994,158.050003,151.729996,153.059998,153.059998,17447900
2018-12-10,150.389999,152.809998,147.479996,151.429993,151.429993,15525500
2018-12-11,155.259995,156.240005,150.899994,151.830002,151.830002,13651900
2018-12-12,155.240005,156.169998,151.429993,151.5,151.5,16619200
2018-12-13,153.050003,153.460007,150.520004,151.479996,151.479996,12255800
2018-12-14,147.710007,150.699997,145.720001,149.0,149.0,15560700
2018-12-17,146.5,147.940002,142.240005,143.979996,143.979996,15788100
2018-12-18,144.279999,144.75,140.110001,140.820007,140.820007,17846600
2018-12-19,141.039993,141.324997,135.729996,137.139999,137.139999,27657800
2018-12-20,135.830002,137.755005,132.910004,135.110001,135.110001,24103800
2018-12-21,137.080002,137.190002,130.229996,132.0,132.0,28790600
2018-12-24,130.0,134.570007,129.770004,131.889999,131.889999,11240700
2018-12-26,132.869995,138.020004,130.179993,138.0,138.0,14862400
2018-12-27,135.050003,138.449997,133.889999,138.449997,138.449997,11457400
2018-12-28,139.199997,140.979996,136.789993,139.089996,139.089996,11955300
2018-12-31,141.830002,142.020004,136.039993,137.070007,137.070007,11186400
2019-01-02,134.130005,137.748993,133.029999,136.699997,136.699997,16708400
2019-01-03,134.270004,134.869995,129.830002,130.600006,130.600006,19531300
2019-01-04,134.259995,141.080002,133.660004,139.75,139.75,22845400
2019-01-07,140.550003,144.080002,139.009995,143.100006,143.100006,17239000
2019-01-08,145.0,147.550003,142.059998,146.789993,146.789993,16487600
2019-01-09,149.889999,153.350006,148.5,151.919998,151.919998,20214100
2019-01-10,149.809998,152.029999,148.880005,151.690002,151.690002,14221100
2019-01-11,151.830002,153.380005,150.139999,151.320007,151.320007,9589400
2019-01-14,148.5,150.570007,146.539993,149.270004,149.270004,13356700
2019-01-15,150.679993,154.169998,149.964005,150.880005,150.880005,15003100
2019-01-16,152.809998,155.389999,151.5,154.839996,154.839996,14810800
2019-01-17,152.110001,158.550003,151.899994,155.970001,155.970001,16153200
2019-01-18,158.449997,159.490005,154.729996,157.020004,157.020004,19611400
2019-01-22,154.399994,155.440002,150.207001,152.149994,152.149994,21295000
2019-01-23,154.649994,155.179993,150.949997,152.029999,152.029999,10195800
2019-01-24,151.470001,156.0,151.210007,155.860001,155.860001,10997900
2019-01-25,158.910004,160.5,157.429993,159.210007,159.210007,16451800
2019-01-28,157.800003,159.690002,155.300003,158.919998,158.919998,10141100
2019-01-29,159.039993,160.375,155.919998,156.880005,156.880005,18348200
2019-01-30,161.289993,167.839996,160.5,166.820007,166.820007,36997700
2019-01-31,167.800003,169.729996,165.699997,168.490005,168.490005,21219500
2019-02-01,168.0,169.399994,167.630005,167.970001,167.970001,10771500
2019-02-04,166.320007,167.550003,165.610001,166.699997,166.699997,7380400
2019-02-05,168.550003,171.949997,168.0,171.830002,171.830002,12801800
2019-02-06,171.860001,173.089996,169.990005,171.520004,171.520004,11267800
2019-02-07,169.160004,169.610001,164.335999,166.960007,166.960007,11911100
2019-02-08,163.830002,167.649994,163.75,167.360001,167.360001,8331500
2019-02-11,168.850006,170.330002,167.449997,167.449997,167.449997,7260300
2019-02-12,169.600006,170.490005,168.610001,168.710007,168.710007,8594400
2019-02-13,169.910004,171.050003,168.990005,169.399994,169.399994,8661800
2019-02-14,167.639999,168.5,166.610001,168.380005,168.380005,8722100
2019-02-15,168.610001,168.770004,165.410004,166.149994,166.149994,12099500
2019-02-19,166.979996,171.149994,166.5,170.179993,170.179993,12982300
2019-02-20,171.0,172.679993,170.610001,170.710007,170.710007,12454900
2019-02-21,171.0,171.779999,169.800003,171.660004,171.660004,8434800
2019-02-22,172.800003,177.020004,172.520004,176.919998,176.919998,16175600
2019-02-25,181.259995,183.720001,180.729996,183.25,183.25,22831800
2019-02-26,179.789993,184.350006,179.369995,183.539993,183.539993,13871000
2019-02-27,181.720001,184.929993,180.880005,184.580002,184.580002,16741600
2019-02-28,183.009995,184.300003,181.470001,183.029999,183.029999,12370400
2019-03-01,185.089996,186.899994,183.380005,183.880005,183.880005,14348500
2019-03-04,186.0,187.339996,184.460007,187.25,187.25,14761700
2019-03-05,186.940002,188.080002,185.0,185.0,185.0,11513200
2019-03-06,184.380005,185.589996,183.020004,184.169998,184.169998,10009100
2019-03-07,180.910004,181.800003,176.729996,177.320007,177.320007,16488900
2019-03-08,171.565002,175.350006,171.565002,175.029999,175.029999,14674200
2019-03-11,177.830002,181.720001,177.580002,180.410004,180.410004,13764000
2019-03-12,182.039993,182.179993,179.509995,180.630005,180.630005,8660000
2019-03-13,180.729996,182.535004,179.259995,180.699997,180.699997,8868200
2019-03-14,179.059998,180.820007,178.009995,180.360001,180.360001,9272000
2019-03-15,180.660004,181.449997,179.660004,180.970001,180.970001,10844100
2019-03-18,181.929993,182.889999,180.759995,181.830002,181.830002,7847800
2019-03-19,181.630005,183.360001,180.850006,182.139999,182.139999,10238600
2019-03-20,180.940002,181.949997,178.429993,181.279999,181.279999,15901500
2019-03-21,178.949997,181.729996,178.520004,181.5,181.5,9754500
2019-03-22,179.770004,180.479996,175.335999,176.259995,176.259995,11688400
2019-03-25,174.330002,178.899994,174.100006,178.770004,178.770004,7511400
2019-03-26,179.699997,180.649994,177.095001,178.080002,178.080002,7897900
2019-03-27,177.699997,179.830002,176.912994,177.029999,177.029999,8371000
2019-03-28,177.470001,178.529999,175.970001,177.729996,177.729996,7146800
2019-03-29,180.729996,182.600006,179.0,182.449997,182.449997,13850900
2019-04-01,185.089996,185.559998,180.889999,180.889999,180.889999,12714800
2019-04-02,181.460007,183.563004,180.949997,181.740005,181.740005,8021500
2019-04-03,179.509995,180.699997,176.759995,178.320007,178.320007,26811600
2019-04-04,177.039993,181.960007,176.889999,181.070007,181.070007,16993200
2019-04-05,182.509995,185.5,182.0,185.350006,185.350006,18705000
2019-04-08,184.190002,187.820007,184.009995,186.5,186.5,14725600
2019-04-09,186.490005,187.889999,186.160004,187.190002,187.190002,11578200
2019-04-10,186.690002,187.399994,184.0,186.190002,186.190002,10655000
2019-04-11,185.149994,186.059998,183.75,184.979996,184.979996,8900300
2019-04-12,187.710007,189.789993,187.139999,188.910004,188.910004,12600000
2019-04-15,188.059998,188.169998,182.559998,183.070007,183.070007,14616600
2019-04-16,185.550003,185.789993,183.399994,185.779999,185.779999,12195900
2019-04-17,187.339996,188.199997,185.779999,187.550003,187.550003,11614200
2019-04-18,186.410004,187.279999,185.389999,186.940002,186.940002,7882500
2019-04-22,184.5,186.470001,183.610001,185.380005,185.380005,8677800
2019-04-23,186.0,188.149994,185.440002,187.289993,187.289993,11410600
2019-04-24,186.759995,186.899994,184.580002,185.669998,185.669998,9085300
2019-04-25,185.240005,188.130005,183.955002,187.880005,187.880005,10328900
2019-04-26,187.880005,188.740005,185.509995,187.089996,187.089996,9421100
2019-04-29,187.419998,188.0,185.759995,186.940002,186.940002,8660600
2019-04-30,186.300003,188.25,183.820007,185.570007,185.570007,15076500
2019-05-01,186.75,193.195007,185.880005,189.309998,189.309998,17397500
2019-05-02,189.419998,192.699997,186.649994,190.389999,190.389999,11468100
2019-05-03,191.880005,195.720001,191.880005,195.210007,195.210007,14521100
2019-05-06,185.169998,189.0,184.830002,188.240005,188.240005,23941200
2019-05-07,186.050003,186.449997,179.630005,181.429993,181.429993,22663200
2019-05-08,180.949997,183.199997,178.580002,179.589996,179.589996,16611100
2019-05-09,175.429993,180.695007,173.070007,179.039993,179.039993,22727800
2019-05-10,180.179993,180.789993,174.100006,178.0,178.0,18987000
2019-05-13,169.789993,172.470001,168.779999,170.009995,170.009995,22330700
2019-05-14,172.75,175.149994,171.479996,174.839996,174.839996,17874100
2019-05-15,177.059998,180.240005,173.320999,177.600006,177.600006,37610400
2019-05-16,178.179993,178.25,174.75,175.570007,175.570007,20579200
2019-05-17,171.690002,172.289993,168.490005,169.570007,169.570007,22539400
2019-05-20,164.440002,164.570007,160.020004,160.649994,160.649994,33413800
2019-05-21,163.160004,165.589996,162.520004,163.429993,163.429993,22006100
2019-05-22,162.410004,162.820007,158.070007,158.830002,158.830002,25831200
2019-05-23,155.449997,158.479996,154.410004,156.0,156.0,26891900
2019-05-24,157.615005,158.429993,154.899994,155.0,155.0,21489700
2019-05-28,156.399994,157.070007,153.220001,154.809998,154.809998,38603000
2019-05-29,153.580002,154.384995,150.710007,152.479996,152.479996,30073100
2019-05-30,152.360001,153.369995,150.25,151.070007,151.070007,17344700
2019-05-31,149.630005,150.679993,147.949997,149.259995,149.259995,26881200
2019-06-03,149.600006,151.770004,148.845001,149.910004,149.910004,25254400
2019-06-04,151.559998,155.199997,150.639999,154.149994,154.149994,27417200
2019-06-05,155.169998,156.110001,149.309998,151.649994,151.649994,23208600
2019-06-06,152.0,152.699997,150.570007,151.5,151.5,15763000
2019-06-07,152.949997,155.690002,152.214005,154.229996,154.229996,17817800
2019-06-10,158.779999,161.979996,157.399994,159.850006,159.850006,36473300
2019-06-11,164.199997,165.679993,161.925003,162.649994,162.649994,23408400
2019-06-12,160.470001,161.699997,158.809998,160.039993,160.039993,16329300
2019-06-13,160.550003,161.320007,159.800003,160.330002,160.330002,17571400
2019-06-14,158.369995,158.710007,157.229996,158.100006,158.100006,14981600
2019-06-17,157.529999,160.550003,157.419998,159.910004,159.910004,16079800
2019-06-18,162.889999,169.110001,161.949997,165.509995,165.509995,35754800
2019-06-19,167.770004,167.899994,163.419998,165.460007,165.460007,20798100
2019-06-20,170.190002,170.479996,166.274994,168.25,168.25,24004700
2019-06-21,167.479996,169.470993,166.770004,167.550003,167.550003,17415800
2019-06-24,168.399994,168.880005,165.779999,168.100006,168.100006,18422600
2019-06-25,167.039993,167.339996,164.619995,165.800003,165.800003,20439200
2019-06-26,168.279999,171.240005,168.149994,168.990005,168.990005,22416400
2019-06-27,170.619995,171.979996,169.380005,170.899994,170.899994,18349400
2019-06-28,170.199997,170.889999,167.960007,169.449997,169.449997,19974300
2019-07-01,175.865005,177.949997,174.360001,175.050003,175.050003,25846800
2019-07-02,175.130005,175.550003,174.25,175.449997,175.449997,14155200
2019-07-03,175.690002,175.850006,173.850006,174.669998,174.669998,8532600
2019-07-05,173.75,173.820007,172.820007,173.300003,173.300003,12618600
2019-07-08,170.089996,170.279999,168.350006,168.449997,168.449997,16531000
2019-07-09,167.085007,168.979996,166.5,168.800003,168.800003,15782800
2019-07-10,171.240005,171.369995,166.860001,166.929993,166.929993,16675600
2019-07-11,167.559998,168.423996,165.0,166.550003,166.550003,14796400
2019-07-12,168.0,170.199997,167.649994,169.070007,169.070007,18103600
2019-07-15,171.5,173.75,170.419998,173.5,173.5,22199000
2019-07-16,174.199997,175.520004,173.460007,174.190002,174.190002,19039700
2019-07-17,172.75,176.220001,172.490005,174.820007,174.820007,15031600
2019-07-18,173.410004,174.399994,172.059998,172.800003,172.800003,15603800
2019-07-19,174.869995,175.149994,172.990005,172.990005,172.990005,13647200
2019-07-22,173.5,174.279999,171.436996,174.0,174.0,18490900
2019-07-23,175.389999,178.639999,174.845001,178.089996,178.089996,20881500
2019-07-24,178.0,178.960007,176.938004,178.669998,178.669998,14933100
2019-07-25,178.490005,179.149994,175.369003,177.289993,177.289993,14049000
2019-07-26,178.25,179.399994,176.880005,178.740005,178.740005,15281000
2019-07-29,178.429993,179.880005,175.350006,177.020004,177.020004,15130300
2019-07-30,174.25,175.710007,172.889999,174.100006,174.100006,14300600
2019-07-31,173.710007,174.889999,170.089996,173.110001,173.110001,14628900
2019-08-01,174.539993,175.714996,162.100006,165.649994,165.649994,32728200
2019-08-02,162.559998,163.850006,160.350006,161.0,161.0,27104700
2019-08-05,155.029999,157.229996,151.850006,153.669998,153.669998,28912600
2019-08-06,158.479996,158.729996,156.110001,157.429993,157.429993,24996300
2019-08-07,155.729996,159.479996,155.300003,159.169998,159.169998,17917400
2019-08-08,161.710007,162.300003,159.119995,162.220001,162.220001,19267700
2019-08-09,160.979996,161.990005,159.110001,159.119995,159.119995,11894300
2019-08-12,157.5,159.360001,155.539993,159.309998,159.309998,13566900
2019-08-13,160.639999,167.360001,159.570007,164.029999,164.029999,22842900
2019-08-14,161.339996,163.0,159.210007,162.059998,162.059998,20803700
2019-08-15,170.110001,171.0,164.360001,166.970001,166.970001,36343500
2019-08-16,170.0,177.550003,168.570007,174.600006,174.600006,25952500
2019-08-19,177.429993,178.800003,175.589996,178.279999,178.279999,16012800
2019-08-20,175.910004,177.990005,175.619995,177.210007,177.210007,10338100
2019-08-21,177.220001,178.5,174.889999,175.240005,175.240005,10615700
2019-08-22,174.100006,174.979996,170.5,171.910004,171.910004,11568900
2019-08-23,169.690002,171.490005,163.830994,164.539993,164.539993,20871500
2019-08-26,166.490005,167.449997,165.529999,165.899994,165.899994,8640500
2019-08-27,167.199997,168.190002,165.190002,166.199997,166.199997,12777600
2019-08-28,164.639999,168.0,164.199997,167.479996,167.479996,9507400
2019-08-29,171.0,173.960007,170.949997,172.809998,172.809998,11565400
2019-08-30,174.350006,175.25,172.660004,175.029999,175.029999,10293400
2019-09-03,173.0,174.720001,172.149994,172.410004,172.410004,8499300
2019-09-04,176.259995,176.550003,173.990005,174.330002,174.330002,7208900
2019-09-05,176.880005,178.949997,176.520004,178.940002,178.940002,11154300
2019-09-06,179.009995,179.220001,176.210007,176.690002,176.690002,8304000
2019-09-09,177.880005,177.990005,175.860001,177.779999,177.779999,6931700
2019-09-10,176.279999,176.300003,172.220001,174.990005,174.990005,9835000
2019-09-11,176.0,176.660004,174.149994,176.089996,176.089996,7039300
2019-09-12,177.889999,180.5,177.0,178.240005,178.240005,12509400
2019-09-13,179.740005,180.179993,178.610001,179.169998,179.169998,9479700
2019-09-16,177.75,179.169998,175.369995,177.070007,177.070007,10725100
2019-09-17,176.850006,179.119995,176.050003,179.0,179.0,7481000
2019-09-18,179.149994,180.169998,177.580002,180.0,180.0,9233300
2019-09-19,180.899994,184.130005,180.429993,180.460007,180.460007,15119800
2019-09-20,182.309998,183.820007,178.839996,182.509995,182.509995,24517800
2019-09-23,181.25,181.330002,176.800003,176.979996,176.979996,14047400
2019-09-24,179.169998,179.490005,171.300003,171.550003,171.550003,14324600
2019-09-25,172.300003,176.990005,171.720001,176.660004,176.660004,11766400
2019-09-26,177.0,178.229996,174.830002,175.0,175.0,9982400
2019-09-27,176.0,176.5,163.149994,165.979996,165.979996,33287500
2019-09-30,169.886993,170.199997,166.449997,167.229996,167.229996,14866800
2019-10-01,168.009995,168.229996,163.639999,165.149994,165.149994,14155500
2019-10-02,162.820007,166.880005,161.899994,165.770004,165.770004,11526500
2019-10-03,166.649994,170.179993,165.0,169.479996,169.479996,10305000
2019-10-04,169.600006,170.699997,167.559998,170.339996,170.339996,8715200
2019-10-07,168.830002,172.300003,167.210007,168.320007,168.320007,11993000
2019-10-08,164.300003,165.220001,161.679993,161.929993,161.929993,15833100
2019-10-09,165.5,166.580002,163.419998,165.190002,165.190002,10943100
2019-10-10,165.960007,168.570007,164.089996,166.070007,166.070007,11462400
2019-10-11,170.770004,174.880005,169.570007,172.940002,172.940002,19247400
2019-10-14,172.839996,173.339996,170.789993,171.160004,171.160004,7667600
2019-10-15,172.910004,176.75,172.690002,175.289993,175.289993,13753000
2019-10-16,175.800003,177.350006,174.119995,177.119995,177.119995,10858700
2019-10-17,178.0,178.589996,175.229996,176.850006,176.850006,8020600
2019-10-18,176.0,176.229996,169.0,169.130005,169.130005,14575700
2019-10-21,172.639999,173.910004,170.869995,173.520004,173.520004,8970800
2019-10-22,174.529999,175.360001,169.259995,169.889999,169.889999,10867100
2019-10-23,170.449997,171.039993,168.119995,169.919998,169.919998,8853700
2019-10-24,171.279999,172.75,170.210007,172.550003,172.550003,7397700
2019-10-25,171.559998,175.809998,170.880005,174.309998,174.309998,9891800
2019-10-28,176.5,179.639999,176.410004,178.679993,178.679993,11739600
2019-10-29,177.059998,177.740005,175.440002,176.889999,176.889999,8026400
2019-10-30,175.419998,177.880005,173.936005,177.529999,177.529999,10213200
2019-10-31,179.160004,179.240005,175.5,176.669998,176.669998,15119000
2019-11-01,179.009995,182.119995,176.059998,176.460007,176.460007,28924100
2019-11-04,180.660004,182.399994,178.020004,179.690002,179.690002,44541200
2019-11-05,181.419998,183.199997,180.309998,182.0,182.0,23690200
2019-11-06,183.610001,185.0,182.199997,184.160004,184.160004,14834900
2019-11-07,187.070007,188.070007,184.690002,186.660004,186.660004,20162600
2019-11-08,187.901993,188.279999,185.149994,187.160004,187.160004,19718100
2019-11-11,184.820007,187.199997,181.369995,186.710007,186.710007,20561500
2019-11-12,185.910004,187.649994,185.139999,186.970001,186.970001,11797600
2019-11-13,185.470001,185.673996,181.0,182.479996,182.479996,14977700
2019-11-14,182.869995,184.5,181.320999,182.800003,182.800003,12712800
2019-11-15,184.0,185.600006,183.710007,185.490005,185.490005,11296400
2019-11-18,186.979996,186.979996,184.160004,184.610001,184.610001,11822900
2019-11-19,186.309998,186.710007,183.869995,185.25,185.25,13407200
2019-11-20,183.669998,183.699997,181.059998,182.350006,182.350006,16684600
2019-11-21,181.770004,184.889999,181.600006,184.860001,184.860001,10254700
2019-11-22,185.800003,186.779999,183.934998,186.779999,186.779999,10541000
2019-11-25,188.320007,190.720001,187.880005,190.449997,190.449997,19157700
2019-11-26,190.389999,195.0,189.039993,194.699997,194.699997,51832300
2019-11-27,197.240005,200.979996,197.0,200.820007,200.820007,33040500
2019-11-29,199.809998,200.429993,198.350006,200.0,200.0,18593100
2019-12-02,198.580002,198.669998,193.509995,196.309998,196.309998,19357700
2019-12-03,190.970001,195.0,189.850006,194.899994,194.899994,18355300
2019-12-04,195.529999,196.660004,193.229996,193.740005,193.740005,14849300
2019-12-05,196.929993,200.940002,196.429993,200.0,200.0,22290200
2019-12-06,201.110001,202.0,199.509995,201.889999,201.889999,14087300
2019-12-09,200.320007,203.429993,198.550003,198.740005,198.740005,14258100
2019-12-10,200.710007,202.479996,199.229996,200.449997,200.449997,11623900
2019-12-11,201.100006,204.800003,200.720001,204.639999,204.639999,11760000
2019-12-12,203.710007,206.0,202.0,204.5,204.5,22448600
2019-12-13,205.759995,207.100006,203.770004,204.910004,204.910004,19270400
2019-12-16,206.330002,209.149994,206.190002,206.970001,206.970001,16734300
2019-12-17,208.690002,208.869995,206.820007,208.179993,208.179993,11287600
2019-12-18,208.529999,210.050003,208.039993,210.0,210.0,13481800
2019-12-19,209.610001,211.369995,209.229996,210.130005,210.130005,12167300
2019-12-20,211.350006,213.979996,210.419998,212.25,212.25,26670000
2019-12-23,213.25,215.050003,212.910004,214.830002,214.830002,12535000
2019-12-24,215.009995,215.429993,213.350006,214.259995,214.259995,5523000
2019-12-26,214.649994,216.990005,214.330002,216.380005,216.380005,6907100
2019-12-27,217.990005,218.110001,215.169998,215.470001,215.470001,11674200
2019-12-30,215.779999,215.779999,211.759995,212.910004,212.910004,8732600
2019-12-31,212.0,213.639999,210.729996,212.100006,212.100006,6773600
2020-01-02,216.600006,219.979996,216.539993,219.770004,219.770004,15873500
2020-01-03,216.350006,218.203003,216.009995,217.0,217.0,8604500
2020-01-06,214.889999,217.160004,214.089996,216.639999,216.639999,11885500
2020-01-07,217.639999,218.940002,216.690002,217.630005,217.630005,9388000
2020-01-08,216.600006,220.649994,216.320007,218.0,218.0,11959100
2020-01-09,221.5,223.080002,220.820007,221.779999,221.779999,13122500
2020-01-10,223.899994,225.960007,222.061005,223.830002,223.830002,12296000
2020-01-13,228.809998,231.139999,227.039993,230.479996,230.479996,17544800
2020-01-14,230.050003,230.175003,224.880005,226.490005,226.490005,17266900
2020-01-15,226.649994,227.820007,224.389999,225.059998,225.059998,10743400
2020-01-16,226.300003,226.330002,222.729996,223.940002,223.940002,13700500
2020-01-17,225.899994,228.0,225.350006,227.429993,227.429993,12956200
2020-01-21,222.449997,222.600006,220.729996,222.259995,222.259995,15831100
2020-01-22,224.690002,225.580002,222.0,222.369995,222.369995,10059600
2020-01-23,217.929993,220.130005,216.770004,219.130005,219.130005,18519900
2020-01-24,218.490005,219.830002,211.324997,213.75,213.75,18143900
2020-01-27,201.220001,208.020004,199.5,205.470001,205.470001,24574700
2020-01-28,209.740005,210.910004,207.169998,210.229996,210.229996,16196700
2020-01-29,212.559998,213.979996,209.520004,212.020004,212.020004,12871900
2020-01-30,207.880005,209.860001,205.029999,208.580002,208.580002,14376000
2020-01-31,206.5,207.929993,204.727997,206.589996,206.589996,18181400
2020-02-03,208.669998,215.020004,208.669998,213.100006,213.100006,14118800
2020-02-04,221.350006,224.380005,220.490005,222.880005,222.880005,16695100
2020-02-05,226.520004,226.699997,217.539993,220.220001,220.220001,15766100
2020-02-06,223.130005,223.649994,219.779999,220.899994,220.899994,10790800
2020-02-07,217.460007,217.839996,214.880005,216.529999,216.529999,13790300
2020-02-10,213.5,215.770004,212.199997,215.770004,215.770004,17420300
2020-02-11,219.910004,220.009995,215.289993,217.210007,217.210007,16073500
2020-02-12,221.130005,225.520004,220.210007,224.309998,224.309998,18671900
2020-02-13,220.0,225.0,218.990005,220.360001,220.360001,28069700
2020-02-14,221.100006,221.639999,218.229996,219.630005,219.630005,10690000
2020-02-18,218.550003,220.850006,217.509995,220.520004,220.520004,12987000
2020-02-19,221.520004,223.559998,220.75,222.139999,222.139999,10798100
2020-02-20,222.5,222.5,214.220001,218.039993,218.039993,14950100
2020-02-21,217.539993,217.600006,211.559998,212.589996,212.589996,17681200
2020-02-24,203.550003,207.279999,202.509995,206.160004,206.160004,19380200
2020-02-25,208.509995,209.949997,204.100006,205.610001,205.610001,18132400
2020-02-26,206.800003,213.080002,206.789993,208.740005,208.740005,19482100
2020-02-27,205.009995,209.970001,201.860001,205.029999,205.029999,22741200
2020-02-28,198.979996,208.919998,198.561005,208.0,208.0,31251100
2020-03-02,208.589996,211.110001,203.755997,210.979996,210.979996,21542200
2020-03-03,211.080002,211.389999,202.240005,207.410004,207.410004,20813800
2020-03-04,209.490005,212.699997,208.850006,211.960007,211.960007,12474400
2020-03-05,210.0,215.149994,209.139999,211.460007,211.460007,13462900
2020-03-06,206.699997,207.0,201.100006,204.639999,204.639999,21700500
2020-03-09,195.619995,199.889999,193.929993,197.660004,197.660004,25502600
2020-03-10,205.529999,207.449997,200.800003,206.389999,206.389999,19022600
2020-03-11,201.649994,203.100006,196.110001,198.910004,198.910004,18908200
2020-03-12,186.5,190.487,183.929993,185.100006,185.100006,30247100
2020-03-13,194.899994,195.990005,187.809998,194.0,194.0,23650500
2020-03-16,176.149994,188.0,174.5,178.850006,178.850006,26628500
2020-03-17,181.259995,189.389999,179.690002,184.809998,184.809998,19276500
2020-03-18,176.0,182.410004,170.0,180.0,180.0,22054200
2020-03-19,179.259995,187.25,177.389999,180.880005,180.880005,20905700
2020-03-20,187.740005,188.300003,180.0,181.300003,181.300003,21006100
2020-03-23,175.270004,178.5,169.949997,176.339996,176.339996,22554700
2020-03-24,183.089996,188.800003,181.179993,185.75,185.75,20801500
2020-03-25,185.820007,195.190002,184.514999,188.559998,188.559998,19605200
2020-03-26,188.639999,196.320007,187.600006,195.320007,195.320007,15416800
2020-03-27,189.970001,192.740005,188.0,188.589996,188.589996,13376400
2020-03-30,187.479996,191.479996,187.009995,191.270004,191.270004,12254400
2020-03-31,192.0,196.789993,190.600006,194.479996,194.479996,19084800
2020-04-01,189.5,192.869995,185.039993,187.559998,187.559998,17948600
2020-04-02,186.080002,191.300003,185.692001,188.899994,188.899994,13412100
2020-04-03,190.119995,190.550003,185.410004,187.110001,187.110001,9483100
2020-04-06,194.740005,196.880005,192.699997,196.449997,196.449997,13248700
2020-04-07,200.050003,201.449997,197.050003,198.0,198.0,14934500
2020-04-08,198.339996,198.860001,193.884003,195.979996,195.979996,13608000
2020-04-09,198.649994,200.350006,193.399994,196.369995,196.369995,17821300
2020-04-13,197.399994,200.324997,195.529999,199.440002,199.440002,16117900
2020-04-14,204.949997,207.970001,204.25,204.779999,204.779999,16757100
2020-04-15,204.770004,209.149994,201.309998,208.169998,208.169998,10768100
2020-04-16,210.529999,213.25,209.119995,212.660004,212.660004,16353800
2020-04-17,214.979996,214.979996,208.850998,209.5,209.5,13558500
2020-04-20,209.869995,216.100006,209.360001,212.130005,212.130005,19295400
2020-04-21,209.899994,212.130005,205.029999,207.339996,207.339996,14107600
2020-04-22,212.0,212.0,209.210007,209.960007,209.960007,13471100
2020-04-23,210.240005,210.559998,203.460007,205.240005,205.240005,20424000
2020-04-24,205.889999,206.5,202.820007,204.360001,204.360001,14673900
2020-04-27,207.550003,207.779999,202.029999,203.690002,203.690002,17286800
2020-04-28,204.809998,205.190002,199.406998,201.149994,201.149994,17203800
2020-04-29,202.929993,207.080002,202.509995,206.699997,206.699997,19117800
2020-04-30,206.25,206.699997,199.289993,202.669998,202.669998,20107400
2020-05-01,195.75,197.380005,192.860001,194.479996,194.479996,22276200
2020-05-04,194.759995,195.0,189.529999,191.149994,191.149994,25709400
2020-05-05,196.380005,198.270004,194.199997,195.020004,195.020004,22957200
2020-05-06,197.669998,198.910004,194.929993,195.169998,195.169998,18598900
2020-05-07,198.0,198.089996,194.779999,196.490005,196.490005,16164600
2020-05-08,199.800003,203.020004,198.679993,201.190002,201.190002,23819700
2020-05-11,202.779999,206.639999,202.380005,205.399994,205.399994,17920700
2020-05-12,206.949997,208.050003,200.020004,200.309998,200.309998,17826800
2020-05-13,203.619995,204.679993,197.979996,199.460007,199.460007,22429700
2020-05-14,195.5,201.770004,194.029999,201.300003,201.300003,20025900
2020-05-15,200.699997,204.490005,200.100006,203.679993,203.679993,17209500
2020-05-18,212.5,215.470001,210.369995,215.279999,215.279999,23556600
2020-05-19,216.729996,220.589996,215.190002,217.199997,217.199997,21438100
2020-05-20,220.0,221.156998,210.580002,216.789993,216.789993,38324100
2020-05-21,211.289993,214.580002,209.529999,212.160004,212.160004,29850700
2020-05-22,203.229996,204.880005,198.990005,199.699997,199.699997,51979300
2020-05-26,205.940002,206.800003,201.0,201.720001,201.720001,28683200
2020-05-27,202.990005,202.990005,196.75,201.179993,201.179993,23605400
2020-05-28,199.0,202.369995,197.619995,199.490005,199.490005,18763200
2020-05-29,200.0,207.880005,196.699997,207.389999,207.389999,43179500
2020-06-01,205.899994,207.199997,203.940002,206.570007,206.570007,16169700
2020-06-02,207.210007,214.570007,207.169998,214.330002,214.330002,22485800
2020-06-03,215.600006,218.970001,213.75,218.610001,218.610001,19999500
2020-06-04,217.279999,220.0,216.320007,218.039993,218.039993,14962400
2020-06-05,220.0,220.589996,218.699997,219.550003,219.550003,11983200
2020-06-08,219.600006,220.399994,215.330002,219.0,219.0,12731200
2020-06-09,216.309998,220.720001,216.199997,220.720001,220.720001,14140100
2020-06-10,222.0,225.0,220.600006,223.679993,223.679993,13372400
2020-06-11,218.0,219.949997,213.559998,215.240005,215.240005,15560300
2020-06-12,218.5,219.5,213.880005,217.639999,217.639999,12716500
2020-06-15,214.110001,217.720001,212.75,217.029999,217.029999,17419900
2020-06-16,221.0,224.839996,220.100006,222.619995,222.619995,17212400
2020-06-17,224.399994,225.0,222.5,224.25,224.25,12486700
2020-06-18,223.740005,226.029999,222.919998,223.539993,223.539993,10358800
2020-06-19,226.380005,226.5,220.089996,220.639999,220.639999,19545200
2020-06-22,220.919998,222.080002,219.445007,221.410004,221.410004,13303600
2020-06-23,225.119995,230.225006,224.529999,228.75,228.75,18263400
2020-06-24,228.300003,231.029999,224.251999,226.220001,226.220001,12159500
2020-06-25,224.589996,224.690002,220.869995,222.160004,222.160004,14953100
2020-06-26,222.210007,222.259995,213.5,215.710007,215.710007,19340600
2020-06-29,215.029999,216.5,211.820007,215.020004,215.020004,12333000
2020-06-30,215.740005,216.429993,212.889999,215.699997,215.699997,12933800
2020-07-01,215.809998,216.550003,214.740005,215.949997,215.949997,11788100
2020-07-02,221.850006,225.024994,220.059998,223.600006,223.600006,18128700
2020-07-06,233.309998,240.479996,232.820007,240.0,240.0,33702900
2020-07-07,241.009995,241.300003,236.130005,236.509995,236.509995,16491600
2020-07-08,244.860001,258.48999,244.020004,257.679993,257.679993,39922700
2020-07-09,265.549988,268.0,255.910004,261.579987,261.579987,36803900
2020-07-10,260.209991,261.899994,255.710007,261.01001,261.01001,20335000
2020-07-13,261.450012,265.660004,250.679993,251.669998,251.669998,21568700
2020-07-14,246.570007,249.75,241.229996,248.580002,248.580002,19782600
2020-07-15,251.479996,252.5,246.539993,249.210007,249.210007,12614700
2020-07-16,241.770004,245.050003,240.740005,242.5,242.5,18032100
2020-07-17,246.550003,247.929993,244.479996,247.139999,247.139999,18742400
2020-07-20,256.450012,257.670013,252.429993,254.809998,254.809998,19015000
2020-07-21,261.209991,261.920013,256.519989,257.899994,257.899994,17120700
2020-07-22,255.759995,256.269989,249.600006,251.699997,251.699997,19682200
2020-07-23,252.100006,257.660004,248.690002,251.880005,251.880005,25712000
2020-07-24,244.960007,249.479996,241.889999,249.0,249.0,17221500
2020-07-27,247.110001,252.869995,245.809998,250.860001,250.860001,18966900
2020-07-28,251.149994,251.649994,248.529999,249.050003,249.050003,9878700
2020-07-29,250.339996,254.300003,250.100006,252.449997,252.449997,11493600
2020-07-30,251.699997,253.860001,249.619995,252.740005,252.740005,7032900
2020-07-31,254.199997,254.399994,248.100006,251.020004,251.020004,12304100
2020-08-03,254.020004,260.649994,254.0,257.940002,257.940002,11530300
2020-08-04,260.079987,262.559998,258.820007,262.200012,262.200012,10994500
2020-08-05,263.73999,265.976013,261.755005,264.910004,264.910004,10673800
2020-08-06,263.420013,265.700012,259.200012,265.679993,265.679993,10359500
2020-08-07,257.410004,257.76001,247.570007,252.100006,252.100006,22529600
2020-08-10,249.339996,251.75,246.100006,248.130005,248.130005,13621700
2020-08-11,251.289993,252.880005,247.830002,248.419998,248.419998,10681800
2020-08-12,249.25,256.079987,248.679993,255.190002,255.190002,11112300
2020-08-13,256.390015,256.970001,252.880005,253.720001,253.720001,8794500
2020-08-14,255.490005,255.770004,251.639999,253.970001,253.970001,7876400
2020-08-17,253.0,257.375,250.085007,256.959991,256.959991,9760000
2020-08-18,258.709991,261.420013,256.059998,259.200012,259.200012,13267800
2020-08-19,260.890015,261.290009,257.380005,260.589996,260.589996,14096500
2020-08-20,256.890015,258.880005,254.179993,257.970001,257.970001,21460800
2020-08-21,259.029999,267.429993,258.309998,265.799988,265.799988,25648200
2020-08-24,273.23999,276.970001,271.619995,276.019989,276.019989,22475800
2020-08-25,278.059998,289.119995,276.040009,286.0,286.0,27535500
2020-08-26,289.26001,292.480011,284.100006,291.959991,291.959991,19530300
2020-08-27,290.170013,290.25,282.100006,284.170013,284.170013,14805800
2020-08-28,285.089996,289.5,283.570007,289.0,289.0,9681500
2020-08-31,288.619995,289.190002,283.609985,287.029999,287.029999,13253800
2020-09-01,289.200012,298.0,288.869995,298.0,298.0,13797100
2020-09-02,299.0,299.0,289.790009,296.070007,296.070007,12638600
2020-09-03,289.0,290.733002,278.160004,282.5,282.5,16766200
2020-09-04,279.600006,283.779999,267.390015,281.390015,281.390015,15885800
2020-09-08,270.230011,273.970001,266.589996,270.019989,270.019989,12734000
2020-09-09,274.450012,275.640015,270.880005,273.149994,273.149994,9465700
2020-09-10,274.899994,277.100006,267.399994,267.549988,267.549988,10676800
2020-09-11,272.630005,274.529999,268.119995,271.609985,271.609985,9412800
2020-09-14,275.359985,276.290009,271.76001,274.100006,274.100006,7883300
2020-09-15,278.0,279.100006,274.799988,277.959991,277.959991,8291400
2020-09-16,281.029999,283.605011,278.0,278.140015,278.140015,9583500
2020-09-17,273.109985,275.899994,272.321014,275.720001,275.720001,8016900
2020-09-18,275.980011,277.269989,270.549988,272.410004,272.410004,11753500
2020-09-21,269.100006,274.220001,266.399994,273.820007,273.820007,9076400
2020-09-22,276.019989,276.320007,270.049988,275.290009,275.290009,9673300
2020-09-23,275.399994,277.829987,271.5,272.950012,272.950012,7353200
2020-09-24,267.929993,271.25,267.334015,269.730011,269.730011,9562100
2020-09-25,267.570007,271.809998,264.559998,271.089996,271.089996,11466600
2020-09-28,275.529999,278.839996,274.199005,276.01001,276.01001,8761700
2020-09-29,275.429993,279.299988,274.899994,276.929993,276.929993,7673300
2020-09-30,284.01001,295.0,283.709991,293.980011,293.980011,24777700
2020-10-01,295.26001,295.589996,288.25,290.049988,290.049988,16304000
2020-10-02,286.619995,291.979004,286.51001,288.170013,288.170013,11482800
2020-10-05,289.059998,290.0,284.880005,288.269989,288.269989,17876400
2020-10-06,287.410004,296.839996,286.910004,292.390015,292.390015,15860400
2020-10-07,297.98999,299.51001,292.869995,296.5,296.5,16669300
2020-10-08,298.109985,302.299988,295.44101,300.540009,300.540009,15105800
2020-10-09,298.549988,302.609985,297.73999,299.73999,299.73999,11442200
2020-10-12,303.950012,309.640015,301.285004,306.339996,306.339996,14780100
2020-10-13,306.359985,310.01001,303.029999,308.779999,308.779999,10898500
2020-10-14,309.0,309.959991,300.799988,301.040009,301.040009,15157800
2020-10-15,293.799988,299.863007,292.609985,299.459991,299.459991,9709900
2020-10-16,303.98999,310.0,302.950012,307.309998,307.309998,12338000
2020-10-19,309.890015,313.809998,303.410004,305.290009,305.290009,14107300
2020-10-20,307.600006,311.799988,307.059998,309.809998,309.809998,8806100
2020-10-21,311.75,314.0,307.700012,307.970001,307.970001,11139700
2020-10-22,311.459991,311.850006,304.209991,306.279999,306.279999,8008400
2020-10-23,307.269989,310.329987,304.059998,309.920013,309.920013,6231400
2020-10-26,309.920013,315.459991,303.200012,306.869995,306.869995,9350100
2020-10-27,307.75,319.320007,305.609985,317.140015,317.140015,13175900
2020-10-28,313.5,313.5,306.0,307.940002,307.940002,13644500
2020-10-29,309.440002,315.579987,308.910004,312.559998,312.559998,11174500
2020-10-30,308.549988,310.829987,300.190002,304.690002,304.690002,14918500
2020-11-02,310.950012,311.440002,305.390015,310.839996,310.839996,11857600
2020-11-03,286.200012,294.279999,280.779999,285.570007,285.570007,58132500
2020-11-04,287.790009,299.170013,285.299988,295.709991,295.709991,28791200
2020-11-05,289.089996,291.25,279.600006,287.75,287.75,50065200
2020-11-06,291.48999,300.890015,289.786011,299.950012,299.950012,25259600
2020-11-09,303.769989,304.0,290.5,290.529999,290.529999,22559900
2020-11-10,279.970001,280.0,264.329987,266.540009,266.540009,61064000
2020-11-11,261.920013,271.920013,261.204987,265.649994,265.649994,41699000
2020-11-12,271.040009,271.200012,263.040009,264.309998,264.309998,27119100
2020-11-13,264.720001,265.440002,257.170013,260.839996,260.839996,33942800
2020-11-16,260.420013,262.570007,257.029999,258.309998,258.309998,20864200
2020-11-17,260.279999,260.279999,256.540009,256.799988,256.799988,19739500
2020-11-18,257.76001,258.309998,252.550003,255.830002,255.830002,28307100
2020-11-19,255.0,261.399994,253.559998,259.890015,259.890015,20752800
2020-11-20,263.970001,272.369995,261.899994,270.73999,270.73999,34178400
2020-11-23,274.75,275.730011,266.411011,270.109985,270.109985,25317100
2020-11-24,276.234985,280.609985,272.799988,279.959991,279.959991,20660500
2020-11-25,275.700012,279.329987,274.049988,277.720001,277.720001,15229300
2020-11-27,278.799988,278.920013,275.665985,276.480011,276.480011,9583200
2020-11-30,268.970001,268.970001,262.519989,263.359985,263.359985,30476100
2020-12-01,265.470001,265.670013,261.570007,264.01001,264.01001,14573100
2020-12-02,262.0,263.100006,260.109985,261.320007,261.320007,13919700
2020-12-03,263.779999,268.600006,263.140015,266.910004,266.910004,15520500
2020-12-04,271.019989,271.299988,266.269989,267.25,267.25,15527600
2020-12-07,265.700012,265.970001,262.600006,264.0,264.0,11388700
2020-12-08,265.200012,268.399994,263.869995,266.089996,266.089996,9447700
2020-12-09,267.559998,267.910004,263.100006,263.799988,263.799988,9060700
2020-12-10,261.98999,266.089996,261.200012,264.869995,264.869995,10290300
2020-12-11,264.290009,265.320007,262.5,264.540009,264.540009,7771300
2020-12-14,260.320007,260.855011,256.029999,256.029999,256.029999,18369900
2020-12-15,255.339996,255.679993,252.300003,255.110001,255.110001,16595600
2020-12-16,257.73999,263.179993,257.040009,261.890015,261.890015,15804800
2020-12-17,264.700012,264.850006,260.200012,264.429993,264.429993,14306600
2020-12-18,263.899994,264.899994,259.200012,260.0,260.0,15981800
2020-12-21,255.169998,260.459991,254.5,260.429993,260.429993,10901800
2020-12-22,257.869995,258.339996,255.410004,255.830002,255.830002,11468400
2020-12-23,255.5,257.350006,252.529999,256.179993,256.179993,10729200
2020-12-24,228.235001,229.899994,211.229996,222.0,222.0,141830000
2020-12-28,216.880005,224.990005,215.320007,222.360001,222.360001,73512100
2020-12-29,231.759995,239.190002,229.600006,236.259995,236.259995,69715900
2020-12-30,243.348007,243.389999,234.645004,238.389999,238.389999,44812300
2020-12-31,237.460007,238.919998,231.026993,232.729996,232.729996,23451800
2021-01-04,226.5,230.380005,225.039993,227.850006,227.850006,24897900
2021-01-05,229.050003,240.759995,228.119995,240.399994,240.399994,35823800
2021-01-06,234.949997,238.300003,225.860001,227.610001,227.610001,37146100
2021-01-07,229.309998,229.949997,220.089996,226.899994,226.899994,49361800
2021-01-08,227.880005,238.600006,226.682999,236.190002,236.190002,34884900
2021-01-11,229.899994,230.824997,225.860001,227.369995,227.369995,23036900
2021-01-12,228.384995,229.75,225.139999,225.600006,225.600006,18969900
2021-01-13,229.940002,240.490005,226.289993,235.300003,235.300003,38805100
2021-01-14,245.309998,245.699997,241.470001,242.979996,242.979996,31381600
2021-01-15,246.25,246.990005,242.149994,243.460007,243.460007,21561600
2021-01-19,250.0,252.880005,246.990005,251.649994,251.649994,23681900
2021-01-20,267.5,269.0,262.700012,265.48999,265.48999,44640800
2021-01-21,264.130005,264.600006,257.899994,260.0,260.0,20709900
2021-01-22,256.799988,260.329987,255.5,258.619995,258.619995,13518200
2021-01-25,263.619995,265.200012,257.850006,261.380005,261.380005,19478600
2021-01-26,263.799988,266.0,261.119995,265.920013,265.920013,14681200
2021-01-27,265.130005,265.920013,259.950012,260.25,260.25,16050400
2021-01-28,259.170013,261.570007,257.329987,260.76001,260.76001,10244900
2021-01-29,256.029999,258.899994,252.300003,253.830002,253.830002,14693000
2021-02-01,258.799988,265.0,255.195007,264.690002,264.690002,15289300
2021-02-02,264.570007,265.0,254.039993,254.5,254.5,30534300
2021-02-03,264.700012,268.279999,261.25,263.429993,263.429993,29179700
2021-02-04,269.579987,269.98999,265.558014,266.959991,266.959991,16763000
2021-02-05,264.609985,266.450012,263.209991,265.670013,265.670013,11018700
2021-02-08,264.980011,265.0,261.820007,262.589996,262.589996,10721100
2021-02-09,263.0,267.200012,262.540009,266.48999,266.48999,12432800
2021-02-10,268.700012,270.399994,264.600006,267.790009,267.790009,13090800
2021-02-11,268.75,274.26001,267.200012,268.929993,268.929993,15295800
2021-02-12,269.089996,270.25,265.679993,267.850006,267.850006,9355100
2021-02-16,271.0,274.290009,270.399994,270.700012,270.700012,16708700
2021-02-17,270.890015,272.31601,267.809998,270.829987,270.829987,13262400
2021-02-18,265.230011,266.179993,262.329987,264.51001,264.51001,15382300
2021-02-19,266.049988,269.390015,262.850006,263.589996,263.589996,14718400
2021-02-22,257.98999,259.459991,254.0,254.0,254.0,14403500
2021-02-23,247.309998,254.899994,241.619995,252.75,252.75,15980300
2021-02-24,252.0,252.0,248.100006,250.339996,250.339996,12831700
2021-02-25,250.0,250.339996,240.070007,240.179993,240.179993,17967300
2021-02-26,244.630005,244.899994,237.649994,237.759995,237.759995,17470700
2021-03-01,241.050003,242.789993,239.259995,241.690002,241.690002,14043300
2021-03-02,238.789993,241.199997,234.270004,234.419998,234.419998,14644200
2021-03-03,237.5,239.608994,234.451004,236.270004,236.270004,13571700
2021-03-04,235.0,236.369995,228.360001,230.5,230.5,22964800
2021-03-05,235.419998,236.429993,228.339996,233.889999,233.889999,15988400
2021-03-08,229.020004,230.809998,226.529999,226.690002,226.690002,17138400
2021-03-09,233.380005,238.740005,233.074997,238.139999,238.139999,15291300
2021-03-10,241.0,241.324997,233.639999,234.300003,234.300003,10491200
2021-03-11,237.199997,241.720001,235.0,240.800003,240.800003,15162500
2021-03-12,233.695007,235.449997,229.705994,231.869995,231.869995,17778400
2021-03-15,228.410004,230.449997,226.259995,230.279999,230.279999,14499700
2021-03-16,228.070007,229.850006,225.529999,226.929993,226.929993,19336600
2021-03-17,226.5,235.630005,225.809998,233.339996,233.339996,16949500
2021-03-18,238.559998,239.5,235.559998,236.429993,236.429993,14822300
2021-03-19,239.660004,241.600006,236.884003,239.789993,239.789993,15959700
2021-03-22,235.854996,238.529999,235.0,237.119995,237.119995,12063200
2021-03-23,237.300003,241.119995,235.5,237.669998,237.669998,12295600
2021-03-24,236.830002,237.300003,229.240005,229.589996,229.589996,15949900
2021-03-25,225.0,229.240005,222.5,222.720001,222.720001,24819800
2021-03-26,222.0,229.238998,220.419998,227.259995,227.259995,22030800
2021-03-29,225.490005,232.380005,225.100006,231.860001,231.860001,18029100
2021-03-30,229.270004,230.449997,226.639999,229.25,229.25,14828700
2021-03-31,229.889999,231.520004,226.470001,226.729996,226.729996,16825400
2021-04-01,230.679993,231.25,223.5,224.360001,224.360001,23497500
2021-04-05,226.529999,226.570007,222.520004,225.300003,225.300003,14962100
2021-04-06,226.029999,232.0,225.740005,230.570007,230.570007,18100400
2021-04-07,226.110001,228.190002,224.800003,225.419998,225.419998,18034900
2021-04-08,228.5,229.419998,226.619995,228.240005,228.240005,12211300
2021-04-09,224.850006,225.070007,221.320007,223.309998,223.309998,19763000
2021-04-12,237.889999,244.910004,236.649994,244.009995,244.009995,57500300
2021-04-13,243.660004,245.690002,239.690002,241.889999,241.889999,20793000
2021-04-14,244.369995,245.089996,238.649994,239.229996,239.229996,12405200
2021-04-15,240.0,240.949997,238.126999,239.089996,239.089996,11288900
2021-04-16,241.889999,241.889999,237.820007,238.690002,238.690002,14418800
2021-04-19,237.440002,238.419998,232.809998,234.779999,234.779999,11216000
2021-04-20,232.869995,234.630005,228.429993,229.880005,229.880005,12093900
2021-04-21,229.330002,229.490005,226.070007,229.440002,229.440002,14315900
2021-04-22,228.764999,234.0,227.820007,229.350006,229.350006,11986200
2021-04-23,230.649994,233.0,230.509995,232.080002,232.080002,8967000
2021-04-26,231.5,233.490005,230.820007,232.699997,232.699997,7792900
2021-04-27,233.440002,236.929993,232.080002,235.919998,235.919998,11646300
2021-04-28,237.570007,239.220001,236.330002,236.720001,236.720001,9187700
2021-04-29,237.789993,238.050003,232.600006,234.179993,234.179993,9552800
2021-04-30,231.770004,233.850006,230.509995,230.949997,230.949997,9326400
2021-05-03,231.270004,236.169998,230.404999,230.710007,230.710007,13620900
2021-05-04,230.25,231.479996,225.449997,227.899994,227.899994,13260500
2021-05-05,228.0,229.300003,226.729996,226.779999,226.779999,10013800
2021-05-06,227.110001,228.440002,222.880005,226.419998,226.419998,12247700
2021-05-07,227.899994,228.789993,225.050003,225.309998,225.309998,10550000
2021-05-10,222.869995,222.869995,218.559998,219.529999,219.529999,17266700
2021-05-11,213.710007,221.389999,213.0,221.380005,221.380005,13887700
2021-05-12,224.740005,225.289993,219.0,219.899994,219.899994,20366900
2021-05-13,213.149994,215.5,204.389999,206.080002,206.080002,51693900
2021-05-14,209.923996,210.940002,206.020004,209.509995,209.509995,31626800
2021-05-17,210.615005,213.149994,209.440002,211.050003,211.050003,20529800
2021-05-18,212.5,215.169998,211.419998,213.720001,213.720001,19519400
2021-05-19,211.100006,212.910004,210.119995,212.539993,212.539993,17030400
2021-05-20,212.994995,217.630005,212.630005,216.990005,216.990005,19123400
2021-05-21,215.229996,215.889999,209.869995,211.059998,211.059998,22825500
2021-05-24,210.029999,212.009995,208.699997,210.440002,210.440002,15884200
2021-05-25,212.830002,214.050003,211.009995,211.130005,211.130005,14116100
2021-05-26,212.300003,213.75,211.539993,211.779999,211.779999,9405800
2021-05-27,214.169998,215.460007,212.529999,212.740005,212.740005,18680200
2021-05-28,212.759995,214.529999,212.059998,213.960007,213.960007,10401500
2021-06-01,223.020004,223.130005,218.240005,219.479996,219.479996,23052800
2021-06-02,219.429993,219.940002,217.460007,219.589996,219.589996,13126400
2021-06-03,218.0,218.699997,216.304993,217.039993,217.039993,12448100
2021-06-04,218.279999,219.080002,217.139999,219.020004,219.020004,8999100
2021-06-07,218.0,218.399994,215.690002,216.899994,216.899994,9928600
2021-06-08,217.289993,218.229996,214.740005,215.820007,215.820007,9443000
2021-06-09,215.210007,216.570007,213.309998,213.320007,213.320007,10233600
2021-06-10,213.5,214.800003,212.210007,213.070007,213.070007,10735900
2021-06-11,213.449997,213.460007,211.0,211.639999,211.639999,12276600
2021-06-14,212.25,215.164993,212.244003,213.940002,213.940002,10773100
2021-06-15,214.169998,214.490005,209.639999,210.059998,210.059998,12167000
2021-06-16,209.75,211.619995,208.225998,209.320007,209.320007,10917800
2021-06-17,209.899994,212.490005,209.770004,211.600006,211.600006,11233700
2021-06-18,212.009995,213.839996,210.589996,212.300003,212.300003,13724600
2021-06-21,210.550003,211.779999,208.990005,211.059998,211.059998,9273800
2021-06-22,210.419998,211.660004,209.860001,211.320007,211.320007,11092100
2021-06-23,214.190002,216.330002,213.130005,214.860001,214.860001,13785800
2021-06-24,216.990005,219.580002,215.559998,218.380005,218.380005,13488200
2021-06-25,221.710007,230.25,221.100006,228.5,228.5,27383900
2021-06-28,229.5,230.889999,226.720001,228.589996,228.589996,13564900
2021-06-29,226.699997,229.639999,225.602005,229.440002,229.440002,10273800
2021-06-30,226.990005,227.979996,225.679993,226.779999,226.779999,9348600
2021-07-01,228.070007,228.850006,221.550003,221.869995,221.869995,13316400
2021-07-02,219.160004,219.5,216.460007,217.75,217.75,12989200
2021-07-06,215.320007,215.399994,209.373001,211.600006,211.600006,23719900
2021-07-07,211.610001,212.050003,207.820007,208.0,208.0,18340400
2021-07-08,201.710007,202.279999,198.259995,199.850006,199.850006,33992500
2021-07-09,202.050003,207.268005,201.5,205.940002,205.940002,16911300
2021-07-12,203.899994,206.455002,203.020004,205.479996,205.479996,11259500
2021-07-13,209.229996,212.809998,208.190002,209.509995,209.509995,17375900
2021-07-14,215.5,216.350006,211.029999,211.5,211.5,19484200
2021-07-15,215.110001,216.600006,213.160995,214.759995,214.759995,14283600
2021-07-16,214.850006,215.199997,211.460007,212.100006,212.100006,11150200
2021-07-19,206.100006,209.080002,203.240005,208.910004,208.910004,15865800
2021-07-20,209.0,211.5,207.466995,210.589996,210.589996,9986800
2021-07-21,209.149994,211.850006,208.419998,211.080002,211.080002,7650300
2021-07-22,212.639999,216.389999,212.600006,214.039993,214.039993,10563100
2021-07-23,206.289993,206.889999,203.559998,206.529999,206.529999,25539900
2021-07-26,198.369995,198.574997,190.880005,191.759995,191.759995,55736800
2021-07-27,183.589996,186.899994,179.669998,186.070007,186.070007,59265700
2021-07-28,190.229996,198.0,189.759995,196.009995,196.009995,34535200
2021-07-29,201.044998,201.139999,194.910004,197.539993,197.539993,23363200
2021-07-30,190.580002,196.044998,190.490005,195.190002,195.190002,17250600
2021-08-02,196.270004,202.070007,196.25,200.089996,200.089996,17889200
2021-08-03,195.009995,197.440002,192.0,197.380005,197.380005,20115900
2021-08-04,197.490005,203.274994,196.910004,200.710007,200.710007,22327300
2021-08-05,199.270004,200.289993,197.639999,199.279999,199.279999,9881400
2021-08-06,199.25,199.320007,195.679993,196.389999,196.389999,11967700
2021-08-09,194.580002,195.5,192.820007,195.25,195.25,14657200
2021-08-10,197.270004,198.449997,195.072998,195.729996,195.729996,9983700
2021-08-11,196.600006,196.919998,194.729996,194.860001,194.860001,8985100
2021-08-12,191.169998,192.979996,189.684998,191.660004,191.660004,12873400
2021-08-13,188.610001,189.259995,186.710007,188.619995,188.619995,15377000
2021-08-16,185.0,186.259995,181.509995,182.710007,182.710007,21020700
2021-08-17,175.919998,177.889999,173.149994,173.729996,173.729996,40558000
2021-08-18,174.100006,175.360001,172.110001,172.350006,172.350006,34339800
2021-08-19,166.699997,167.264008,159.509995,160.550003,160.550003,66663000
2021-08-20,164.119995,166.929993,155.5,157.960007,157.960007,75948900
2021-08-23,159.279999,161.470001,152.800003,161.059998,161.059998,88699200
2021-08-24,169.039993,174.151993,168.158005,171.699997,171.699997,62786400
2021-08-25,168.699997,169.610001,166.080002,169.100006,169.100006,26055400
2021-08-26,167.460007,168.449997,164.820007,165.240005,165.240005,18816500
2021-08-27,159.990005,161.770004,158.550003,159.470001,159.470001,31718100
2021-08-30,160.169998,163.289993,158.229996,162.289993,162.289993,23769400
2021-08-31,167.699997,169.0,166.139999,166.990005,166.990005,24629100
2021-09-01,169.559998,174.789993,169.330002,173.279999,173.279999,29550200
2021-09-02,178.009995,178.179993,171.669998,172.0,172.0,29302400
2021-09-03,169.524994,172.059998,168.880005,170.300003,170.300003,16423500
2021-09-07,174.149994,176.839996,173.369995,175.160004,175.160004,24608500
2021-09-08,174.25,174.369995,169.259995,170.710007,170.710007,18993000
2021-09-09,167.300003,169.039993,165.580002,167.320007,167.320007,17295800
2021-09-10,171.199997,171.639999,167.610001,168.100006,168.100006,15064300
2021-09-13,164.490005,166.862,163.020004,165.410004,165.410004,15458600
2021-09-14,162.860001,163.069,159.479996,160.149994,160.149994,20925900
2021-09-15,157.949997,158.029999,153.919998,157.860001,157.860001,31796600
2021-09-16,154.919998,157.639008,153.669998,156.259995,156.259995,24358900
2021-09-17,158.479996,160.380005,158.089996,160.050003,160.050003,25489000
2021-09-20,154.399994,155.139999,149.089996,151.490005,151.490005,36177500
2021-09-21,151.580002,152.580002,149.570999,150.179993,150.179993,19494700
2021-09-22,151.470001,154.0,151.020004,151.889999,151.889999,19832000
2021-09-23,152.580002,152.679993,149.610001,151.190002,151.190002,24707500
2021-09-24,147.710007,148.0,144.570007,145.080002,145.080002,32067400
2021-09-27,144.919998,150.990005,144.440002,150.179993,150.179993,24287400
2021-09-28,152.160004,153.729996,148.860001,152.389999,152.389999,26299600
2021-09-29,150.460007,152.100006,147.479996,147.580002,147.580002,17361300
2021-09-30,147.029999,149.580002,146.863998,148.050003,148.050003,14291500
2021-10-01,147.089996,148.449997,143.339996,144.199997,144.199997,20211000
2021-10-04,141.699997,141.899994,138.429993,139.630005,139.630005,25218500
2021-10-05,139.380005,143.830002,139.190002,143.139999,143.139999,14032100
2021-10-06,140.559998,144.891998,139.960007,144.100006,144.100006,14875900
2021-10-07,151.050003,158.289993,150.75,156.0,156.0,46035900
2021-10-08,159.860001,162.779999,157.910004,161.520004,161.520004,33499200
2021-10-11,169.610001,169.800003,163.949997,163.949997,163.949997,42193600
2021-10-12,163.824997,165.729996,162.240005,163.0,163.0,24512700
2021-10-13,164.380005,168.264999,163.600006,167.399994,167.399994,18595000
2021-10-14,168.259995,168.990005,164.460007,166.779999,166.779999,17403700
2021-10-15,166.990005,169.800003,165.434998,168.0,168.0,20762800
2021-10-18,166.580002,169.25,166.580002,166.820007,166.820007,18945900
2021-10-19,170.600006,177.440002,170.449997,177.0,177.0,33538900
2021-10-20,180.949997,182.089996,176.130005,177.179993,177.179993,33714400
2021-10-21,177.0,179.779999,176.710007,177.419998,177.419998,16444000
2021-10-22,179.080002,182.089996,175.809998,177.699997,177.699997,20807300
2021-10-25,177.860001,178.279999,173.830002,176.169998,176.169998,13119700
2021-10-26,174.479996,174.899994,167.479996,169.990005,169.990005,17577000
2021-10-27,167.529999,172.449997,167.339996,169.229996,169.229996,11801800
2021-10-28,168.490005,170.350006,166.770004,169.789993,169.789993,12440100
2021-10-29,167.070007,168.559998,162.720001,164.940002,164.940002,17155400
2021-11-01,165.839996,171.895004,165.800003,170.169998,170.169998,17609500
2021-11-02,167.100006,167.100006,162.759995,162.899994,162.899994,19072900
2021-11-03,165.360001,166.649994,163.110001,166.240005,166.240005,13569700
2021-11-04,169.279999,169.940002,164.5,164.789993,164.789993,16669200
2021-11-05,164.794998,164.794998,158.300003,158.729996,158.729996,22098200
2021-11-08,161.764999,162.160004,159.479996,162.160004,162.160004,16223100
2021-11-09,162.160004,164.479996,159.539993,160.190002,160.190002,14010100
2021-11-10,163.679993,166.479996,161.820007,163.970001,163.970001,17216800
2021-11-11,166.559998,169.630005,166.559998,167.850006,167.850006,16747500
2021-11-12,165.173996,167.800003,163.399994,166.809998,166.809998,13741800
2021-11-15,167.220001,168.460007,165.669998,166.539993,166.539993,9655700
2021-11-16,168.600006,169.940002,166.669998,168.429993,168.429993,11887500
2021-11-17,168.020004,168.300003,161.134995,161.580002,161.580002,18829500
2021-11-18,146.910004,148.5,141.889999,143.600006,143.600006,61571500
2021-11-19,143.039993,145.059998,140.0,140.339996,140.339996,28575700
2021-11-22,139.899994,140.699997,135.210007,136.619995,136.619995,26390400
2021-11-23,136.031998,136.850006,133.309998,133.660004,133.660004,24102900
2021-11-24,133.100006,136.759995,131.220001,136.520004,136.520004,20010400
2021-11-26,132.929993,133.979996,131.220001,133.350006,133.350006,14814900
2021-11-29,134.25,134.550003,130.550003,131.610001,131.610001,18648900
2021-11-30,129.901001,131.320007,126.129997,127.529999,127.529999,32625400
2021-12-01,128.369995,129.154999,121.900002,122.489998,122.489998,29203800
2021-12-02,123.019997,125.0,119.339996,122.0,122.0,34478600
2021-12-03,118.0,118.190002,108.699997,111.959999,111.959999,70266500
2021-12-06,113.639999,123.82,113.43,123.599998,123.599998,43111400
2021-12-07,129.300003,129.449997,123.459999,125.540001,125.540001,38542800
2021-12-08,123.209999,126.970001,121.32,125.080002,125.080002,22275000
2021-12-09,124.629997,127.760002,123.211998,123.910004,123.910004,23499300
2021-12-10,123.220001,125.209999,122.779999,125.059998,125.059998,15008300
2021-12-13,123.0,123.25,119.75,122.239998,122.239998,15820500
2021-12-14,120.93,127.650002,120.300003,126.580002,126.580002,17691500
2021-12-15,122.629997,123.589996,117.769997,122.470001,122.470001,24893500
2021-12-16,122.32,125.690002,118.900002,120.25,120.25,22533400
2021-12-17,119.489998,122.870003,117.809998,122.099998,122.099998,19781100
2021-12-20,118.5,118.830002,113.695,115.0,115.0,23970500
2021-12-21,116.849998,122.980003,116.599998,122.980003,122.980003,18036300
2021-12-22,117.089996,118.660004,115.150002,117.809998,117.809998,24502000
2021-12-23,116.800003,119.589996,115.389999,118.660004,118.660004,17563300
2021-12-27,117.800003,121.800003,116.101997,116.589996,116.589996,17864400
2021-12-28,116.260002,116.419998,114.470001,114.800003,114.800003,17052100
2021-12-29,113.800003,114.199997,110.379997,112.089996,112.089996,21100500
2021-12-30,112.629997,124.300003,112.300003,122.989998,122.989998,45437100
2021-12-31,121.230003,122.910004,118.589996,118.790001,118.790001,24287000
2022-01-03,119.379997,121.949997,115.82,120.379997,120.379997,16775300
2022-01-04,119.529999,120.870003,115.769997,119.559998,119.559998,20824000
2022-01-05,118.0,126.620003,117.699997,121.160004,121.160004,36651100
2022-01-06,124.260002,128.399994,123.464996,126.629997,126.629997,32045800
2022-01-07,130.240005,133.880005,128.179993,129.809998,129.809998,38113000
2022-01-10,131.990005,132.600006,126.230003,128.300003,128.300003,23372200
2022-01-11,129.210007,134.229996,127.470001,132.190002,132.190002,23616400
2022-01-12,136.020004,138.699997,135.585007,137.410004,137.410004,25961100
2022-01-13,135.199997,135.919998,131.300003,131.369995,131.369995,19887700
2022-01-14,132.809998,134.360001,129.350006,131.570007,131.570007,18614900
2022-01-18,126.269997,132.130005,124.82,128.600006,128.600006,26122200
2022-01-19,128.100006,130.860001,127.129997,127.739998,127.739998,14665200
2022-01-20,135.770004,136.75,130.679993,131.029999,131.029999,28966400
2022-01-21,128.229996,128.960007,122.521004,123.230003,123.230003,26341400
2022-01-24,119.32,120.779999,115.32,120.370003,120.370003,28509300
2022-01-25,119.910004,122.459999,118.040001,119.139999,119.139999,22224100
2022-01-26,120.93,120.93,112.961998,113.370003,113.370003,27513200
2022-01-27,113.110001,114.540001,110.269997,111.790001,111.790001,21472700
2022-01-28,113.25,115.32,110.059998,115.230003,115.230003,18892400
2022-01-31,118.169998,125.870003,117.5,125.790001,125.790001,20346500
2022-02-01,124.809998,128.0,122.970001,127.220001,127.220001,15036100
2022-02-02,127.629997,127.629997,121.169998,122.879997,122.879997,14050100
2022-02-03,121.550003,125.269997,120.730003,123.470001,123.470001,16651500
2022-02-04,121.269997,123.940002,119.660004,122.220001,122.220001,13538200
2022-02-07,116.099998,116.550003,113.599998,114.82,114.82,28589200
2022-02-08,118.160004,122.239998,116.800003,121.900002,121.900002,22340500
2022-02-09,123.089996,126.800003,121.940002,126.5,126.5,18253600
2022-02-10,124.110001,128.339996,123.400002,123.980003,123.980003,16116600
2022-02-11,125.334999,126.720001,121.940002,122.25,122.25,13889900
2022-02-14,120.559998,122.384003,119.370003,121.919998,121.919998,13154900
2022-02-15,123.769997,126.805,123.377998,126.239998,126.239998,14634700
2022-02-16,125.610001,127.580002,124.510002,125.559998,125.559998,17993300
2022-02-17,125.0,129.399994,124.056,124.43,124.43,15906000
2022-02-18,120.879997,120.879997,117.199997,118.989998,118.989998,21201400
2022-02-22,114.0,114.849998,112.059998,112.93,112.93,21755100
2022-02-23,115.099998,115.400002,109.599998,109.720001,109.720001,24489200
2022-02-24,100.073997,108.949997,100.019997,108.93,108.93,35294700
2022-02-25,107.889999,108.550003,104.0,107.940002,107.940002,21428400
2022-02-28,105.970001,107.489998,103.639999,105.190002,105.190002,23063500
2022-03-01,105.849998,111.25,105.849998,107.089996,107.089996,21218500
2022-03-02,107.389999,107.389999,103.239998,105.419998,105.419998,20791800
2022-03-03,106.029999,106.629997,101.07,102.050003,102.050003,21725900
2022-03-04,100.290001,104.389999,99.330002,100.599998,100.599998,24574700
2022-03-07,99.559998,103.360001,98.599998,98.660004,98.660004,20679400
2022-03-08,99.32,100.910004,95.57,97.5,97.5,23275500
2022-03-09,100.260002,100.970001,98.32,100.93,100.93,20853600
2022-03-10,95.190002,95.699997,90.82,92.919998,92.919998,37671200
2022-03-11,93.260002,93.949997,86.68,86.709999,86.709999,39341800
2022-03-14,80.699997,82.449997,77.080002,77.760002,77.760002,69992600
2022-03-15,75.099998,80.139999,73.279999,76.760002,76.760002,86209300
2022-03-16,92.0,105.739998,87.120003,104.980003,104.980003,159834300
2022-03-17,99.139999,101.889999,95.769997,100.370003,100.370003,80663200
2022-03-18,100.5,111.739998,99.599998,108.300003,108.300003,83781800
2022-03-21,102.809998,105.68,98.699997,103.589996,103.589996,58882900
2022-03-22,114.010002,118.239998,112.370003,114.989998,114.989998,88193400
2022-03-23,115.699997,124.111,112.68,117.239998,117.239998,81605700
2022-03-24,112.860001,116.5,110.82,115.150002,115.150002,55850200
2022-03-25,110.529999,113.860001,109.400002,112.989998,112.989998,42396500
2022-03-28,113.860001,116.230003,111.919998,115.089996,115.089996,30168000
2022-03-29,118.360001,119.599998,115.739998,116.709999,116.709999,28060900
2022-03-30,115.540001,120.101997,115.540001,116.580002,116.580002,28381700
2022-03-31,115.029999,115.089996,108.709999,108.800003,108.800003,31240200
2022-04-01,117.620003,118.949997,109.75,110.199997,110.199997,55873000
2022-04-04,115.699997,118.220001,113.375,117.5,117.5,39088500
2022-04-05,115.0,115.0,110.230003,111.0,111.0,35226000
2022-04-06,109.239998,109.470001,106.120003,107.68,107.68,23739800
2022-04-07,106.68,107.529999,102.610001,104.269997,104.269997,26814300
2022-04-08,104.480003,106.470001,103.329002,103.529999,103.529999,20814900
2022-04-11,101.089996,103.919998,99.160004,101.550003,101.550003,23504100
2022-04-12,101.18,102.330002,99.389999,99.75,99.75,23953600
2022-04-13,99.239998,101.349998,98.209999,100.029999,100.029999,18330400
2022-04-14,97.290001,99.271004,95.305,95.489998,95.489998,20931200
2022-04-18,93.769997,95.279999,91.82,94.709999,94.709999,19159200
2022-04-19,92.290001,93.949997,90.949997,93.5,93.5,23870000
2022-04-20,93.480003,93.699997,89.269997,89.410004,89.410004,20949700
2022-04-21,89.550003,90.010002,85.400002,85.989998,85.989998,25639000
2022-04-22,86.5,90.68,86.310997,86.489998,86.489998,25130300
2022-04-25,82.699997,86.169998,81.800003,85.839996,85.839996,24674000
2022-04-26,85.870003,86.239998,83.279999,83.989998,83.989998,21194600
2022-04-27,85.32,89.410004,84.779999,88.32,88.32,29351600
2022-04-28,88.620003,90.980003,86.940002,90.910004,90.910004,17707500
2022-04-29,101.529999,103.519997,96.660004,97.089996,97.089996,44933400
2022-05-02,96.410004,101.32,95.150002,101.209999,101.209999,25479500
2022-05-03,100.129997,102.690002,99.43,100.379997,100.379997,15216100
2022-05-04,97.720001,101.57,96.610001,101.410004,101.410004,17740600
2022-05-05,97.940002,98.470001,94.050003,94.639999,94.639999,18673100
2022-05-06,93.360001,93.860001,88.709999,90.050003,90.050003,18568600
2022-05-09,86.955002,88.599998,84.43,84.839996,84.839996,23338600
2022-05-10,88.639999,88.639999,83.510002,84.57,84.57,23400900
2022-05-11,85.510002,87.519997,81.470001,81.730003,81.730003,24962400
2022-05-12,80.68,83.120003,78.010002,81.089996,81.089996,23833100
2022-05-13,82.120003,88.360001,82.0,87.989998,87.989998,20078400
2022-05-16,87.699997,89.080002,86.339996,86.480003,86.480003,19644800
2022-05-17,92.75,94.480003,89.540001,91.989998,91.989998,27330300
2022-05-18,90.0,91.639999,87.0,87.309998,87.309998,18991300
2022-05-19,86.18,90.089996,85.739998,87.690002,87.690002,20776400
2022-05-20,88.699997,90.169998,84.730003,86.790001,86.790001,21020800
2022-05-23,87.059998,87.415001,84.760002,87.230003,87.230003,13998200
2022-05-24,84.989998,85.120003,81.540001,82.470001,82.470001,15214400
2022-05-25,83.720001,84.07,81.07,82.309998,82.309998,23093700
2022-05-26,87.300003,95.089996,86.730003,94.480003,94.480003,50825000
2022-05-27,92.209999,94.5,90.370003,93.410004,93.410004,26716000
2022-05-31,98.330002,99.32,95.449997,96.050003,96.050003,33790000
2022-06-01,95.900002,96.93,91.879997,93.379997,93.379997,23730900
2022-06-02,93.669998,97.629997,93.400002,97.5,97.5,23228100
2022-06-03,95.150002,96.0,93.023003,93.209999,93.209999,15855900
2022-06-06,99.639999,102.419998,97.915001,99.010002,99.010002,37287200
2022-06-07,99.989998,104.459999,99.419998,104.32,104.32,35958700
2022-06-08,108.260002,121.055,107.809998,119.620003,119.620003,92337000
2022-06-09,115.0,118.220001,109.440002,109.900002,109.900002,72512300
2022-06-10,113.660004,114.82,108.239998,109.839996,109.839996,49859200
2022-06-13,103.610001,104.529999,97.580002,98.519997,98.519997,36396700
2022-06-14,101.989998,106.074997,100.830002,105.230003,105.230003,28567500
2022-06-15,106.809998,108.629997,104.382004,108.029999,108.029999,24026100
2022-06-16,102.790001,104.910004,100.510002,101.449997,101.449997,22357800
2022-06-17,112.540001,112.75,101.325996,102.239998,102.239998,73019300
2022-06-21,105.959999,107.061996,103.870003,106.389999,106.389999,33975000
2022-06-22,104.230003,107.099998,103.080002,105.150002,105.150002,24233000
2022-06-23,109.959999,113.089996,108.081001,112.110001,112.110001,33228200
2022-06-24,115.300003,118.089996,114.300003,117.620003,117.620003,27029900
2022-06-27,119.970001,121.379997,117.879997,118.730003,118.730003,21724300
2022-06-28,118.980003,120.93,116.510002,116.760002,116.760002,18659400
2022-06-29,115.809998,117.089996,113.709999,116.029999,116.029999,13793900
2022-06-30,113.769997,114.599998,111.379997,113.68,113.68,13836200
2022-07-01,113.629997,116.625,112.919998,116.0,116.0,16679400
2022-07-05,114.510002,120.529999,112.139999,120.129997,120.129997,20989300
2022-07-06,118.93,120.0,115.510002,119.120003,119.120003,20222700
2022-07-07,120.629997,125.0,120.629997,122.389999,122.389999,24202000
2022-07-08,122.260002,125.839996,120.699997,120.900002,120.900002,27221400
2022-07-11,115.459999,115.580002,109.330002,109.57,109.57,31249900
2022-07-12,110.860001,111.0,107.059998,109.209999,109.209999,22318500
2022-07-13,106.839996,110.639999,106.75,109.099998,109.099998,16861400
2022-07-14,107.800003,108.540001,100.709999,103.760002,103.760002,35314900
2022-07-15,103.489998,103.639999,97.839996,102.440002,102.440002,33572300
2022-07-18,105.879997,106.959999,102.949997,103.139999,103.139999,20503400
2022-07-19,103.970001,104.82,101.529999,104.75,104.75,19842500
2022-07-20,106.239998,107.160004,102.849998,103.959999,103.959999,21897900
2022-07-21,104.059998,106.610001,103.68,105.129997,105.129997,17865500
2022-07-22,104.309998,104.699997,99.68,100.610001,100.610001,18819800
2022-07-25,100.5,101.269997,98.739998,101.059998,101.059998,16604300
2022-07-26,104.309998,105.25,100.809998,101.440002,101.440002,28004300
2022-07-27,102.199997,102.970001,99.800003,102.779999,102.779999,19366600
2022-07-28,101.919998,102.68,95.620003,100.550003,100.550003,33875400
2022-07-29,94.220001,94.220001,89.110001,89.370003,89.370003,59201800
2022-08-01,89.190002,90.540001,88.0,90.339996,90.339996,36050900
2022-08-02,88.199997,94.870003,88.199997,92.620003,92.620003,34430500
2022-08-03,92.0,96.300003,90.919998,95.720001,95.720001,23921700
2022-08-04,101.07,103.0,95.059998,97.43,97.43,42517800
2022-08-05,93.07,94.169998,90.730003,92.559998,92.559998,27206100
2022-08-08,91.470001,92.75,90.339996,90.839996,90.839996,16194100
2022-08-09,91.190002,93.120003,90.599998,91.190002,91.190002,16744900
2022-08-10,91.169998,92.949997,88.559998,92.43,92.43,17855400
2022-08-11,94.489998,97.709999,93.629997,94.870003,94.870003,17521200
2022-08-12,91.510002,94.800003,91.43,94.769997,94.769997,17846400
2022-08-15,93.199997,94.629997,92.379997,94.199997,94.199997,14425100
2022-08-16,92.690002,93.57,91.400002,92.650002,92.650002,12003200
2022-08-17,91.870003,92.389999,89.760002,89.769997,89.769997,14491500
2022-08-18,90.050003,91.93,88.519997,90.739998,90.739998,13418600
2022-08-19,90.410004,91.650002,89.18,89.629997,89.629997,12364300
2022-08-22,89.57,90.879997,89.300003,90.029999,90.029999,15545000
2022-08-23,89.169998,90.18,86.709999,89.830002,89.830002,17345900
2022-08-24,87.900002,94.148003,87.550003,92.519997,92.519997,22808300
2022-08-25,96.059998,101.029999,94.949997,99.889999,99.889999,39170600
2022-08-26,104.839996,104.849998,97.610001,98.0,98.0,45773400
2022-08-29,98.959999,100.910004,96.480003,96.599998,96.599998,18323500
2022-08-30,95.860001,96.970001,92.620003,93.839996,93.839996,17865800
2022-08-31,96.660004,98.620003,94.919998,95.410004,95.410004,16169000
2022-09-01,92.75,94.519997,91.669998,93.709999,93.709999,11929100
2022-09-02,91.769997,93.667999,90.769997,91.800003,91.800003,12378900
2022-09-06,89.32,89.470001,87.800003,88.449997,88.449997,15573500
2022-09-07,88.519997,90.860001,87.755997,90.599998,90.599998,12753300
2022-09-08,88.559998,90.18,88.279999,89.519997,89.519997,13291800
2022-09-09,91.050003,92.900002,90.720001,92.139999,92.139999,10745500
2022-09-12,92.419998,94.839996,91.809998,94.690002,94.690002,15604000
2022-09-13,90.760002,92.18,89.230003,89.470001,89.470001,21149800
2022-09-14,89.459999,89.779999,88.169998,88.919998,88.919998,10843600
2022-09-15,88.629997,91.095001,88.199997,88.830002,88.830002,12188800
2022-09-16,87.699997,88.25,85.419998,86.43,86.43,19322000
2022-09-19,85.099998,87.764999,85.0,87.660004,87.660004,12822100
2022-09-20,87.949997,88.730003,85.010002,85.800003,85.800003,19129000
2022-09-21,85.120003,85.160004,81.5,81.599998,81.599998,23847300
2022-09-22,82.629997,83.279999,80.169998,80.709999,80.709999,19141200
2022-09-23,79.260002,79.769997,77.599998,78.800003,78.800003,20492100
2022-09-26,79.940002,80.986,78.779999,78.910004,78.910004,17880600
2022-09-27,79.43,80.410004,77.099998,77.870003,77.870003,16975100
2022-09-28,76.485001,81.480003,76.279999,80.989998,80.989998,20725400
2022-09-29,78.050003,79.190002,76.739998,79.059998,79.059998,17913600
2022-09-30,78.739998,81.779999,78.650002,79.989998,79.989998,17116900
2022-10-03,79.760002,80.925003,78.050003,80.449997,80.449997,13249600
2022-10-04,83.0,85.032997,82.339996,84.110001,84.110001,18252000
2022-10-05,84.099998,86.290001,83.25,84.389999,84.389999,13194000
2022-10-06,84.07,85.25,83.519997,84.32,84.32,11583600
2022-10-07,82.349998,83.709999,80.754997,81.239998,81.239998,11632400
2022-10-10,79.769997,79.790001,77.699997,79.239998,79.239998,14070900
2022-10-11,77.379997,77.839996,74.139999,75.370003,75.370003,18387900
2022-10-12,74.900002,76.678001,74.029999,75.730003,75.730003,13247900
2022-10-13,72.239998,75.779999,71.400002,75.010002,75.010002,17563400
2022-10-14,76.050003,76.139999,72.779999,73.019997,73.019997,13675300
2022-10-17,75.150002,77.870003,75.110001,76.769997,76.769997,14487400
2022-10-18,78.010002,78.639999,75.059998,76.339996,76.339996,14970600
2022-10-19,73.279999,74.330002,70.519997,71.269997,71.269997,23094500
2022-10-20,71.599998,74.940002,71.550003,72.019997,72.019997,19173400
2022-10-21,71.199997,72.790001,69.464996,72.18,72.18,19526800
2022-10-24,63.389999,64.099998,58.009998,63.150002,63.150002,101023200
2022-10-25,65.080002,66.179001,61.259998,63.220001,63.220001,69302400
2022-10-26,63.360001,69.800003,62.919998,68.510002,68.510002,52957400
2022-10-27,65.440002,67.879997,65.419998,65.839996,65.839996,25812600
2022-10-28,63.200001,64.150002,61.82,63.740002,63.740002,28638000
2022-10-31,63.490002,64.849998,63.220001,63.580002,63.580002,20645300
2022-11-01,68.010002,68.450996,65.639999,65.860001,65.860001,27257000
2022-11-02,66.480003,67.669998,64.330002,64.699997,64.699997,28298100
2022-11-03,63.419998,66.879997,63.400002,65.209999,65.209999,23360500
2022-11-04,71.169998,71.639999,67.449997,69.809998,69.809998,51292200
2022-11-07,71.300003,71.879997,68.671997,69.709999,69.709999,26087600
2022-11-08,67.620003,68.919998,66.269997,68.129997,68.129997,23870200
2022-11-09,66.43,66.779999,64.800003,64.839996,64.839996,22099300
2022-11-10,68.029999,69.989998,68.0,69.769997,69.769997,28757200
2022-11-11,72.32,72.699997,69.309998,70.769997,70.769997,38723400
2022-11-14,73.160004,74.0,71.32,71.330002,71.330002,30310700
2022-11-15,78.93,80.370003,77.809998,79.300003,79.300003,53150500
2022-11-16,80.32,80.449997,77.410004,78.160004,78.160004,26637300
2022-11-17,76.0,85.68,75.760002,84.260002,84.260002,62050600
2022-11-18,82.150002,82.519997,79.860001,80.480003,80.480003,29528300
2022-11-21,78.690002,79.059998,76.470001,76.93,76.93,19005100
2022-11-22,75.440002,76.800003,74.580002,75.989998,75.989998,20694100
2022-11-23,78.190002,78.845001,76.849998,78.5,78.5,19032700
2022-11-25,75.5,76.050003,74.919998,75.5,75.5,13036900
2022-11-28,74.739998,77.417,74.68,75.879997,75.879997,19107400
2022-11-29,80.239998,80.889999,79.449997,79.860001,79.860001,24178100
2022-11-30,82.739998,89.625,82.25,87.559998,87.559998,60169600
2022-12-01,84.349998,87.599998,84.260002,85.940002,85.940002,20243000
2022-12-02,86.050003,91.849998,86.050003,90.059998,90.059998,35042600
2022-12-05,92.900002,92.900002,89.629997,90.519997,90.519997,30929800
2022-12-06,91.879997,92.57,89.199997,91.449997,91.449997,26675700
2022-12-07,87.059998,89.260002,86.620003,88.330002,88.330002,19507400
2022-12-08,91.970001,94.334999,91.080002,94.169998,94.169998,29241500
2022-12-09,93.269997,93.75,91.224998,91.339996,91.339996,15452100
2022-12-12,90.089996,90.889,87.75,89.410004,89.410004,15190200
2022-12-13,93.449997,94.980003,90.300003,91.410004,91.410004,21150600
2022-12-14,91.059998,91.264999,89.5,90.910004,90.910004,15575500
2022-12-15,93.089996,94.080002,86.050003,86.209999,86.209999,30419400
2022-12-16,88.800003,90.57,86.610001,86.790001,86.790001,25084600
2022-12-19,89.75,89.779999,86.500999,87.160004,87.160004,20737000
2022-12-20,85.040001,87.199997,85.040001,85.919998,85.919998,15315400
2022-12-21,86.010002,88.387001,85.459999,87.809998,87.809998,18212900
2022-12-22,89.080002,89.690002,86.669998,87.970001,87.970001,16004800
2022-12-23,87.849998,88.650002,85.519997,85.650002,85.650002,17949300
2022-12-27,86.550003,90.689003,86.209999,89.860001,89.860001,22959900
2022-12-28,88.980003,90.150002,86.464996,87.199997,87.199997,16268800
2022-12-29,87.625,89.519997,87.059998,89.129997,89.129997,12535400
2022-12-30,87.449997,89.410004,87.410004,88.089996,88.089996,11926700
2023-01-03,91.110001,94.449997,90.75,91.980003,91.980003,27891000
2023-01-04,98.849998,104.519997,96.970001,103.919998,103.919998,53291800
2023-01-05,101.400002,105.699997,100.639999,104.580002,104.580002,30400400
2023-01-06,104.110001,108.0,102.459999,107.400002,107.400002,21072400
2023-01-09,111.989998,113.110001,108.120003,110.830002,110.830002,42085300
2023-01-10,112.970001,115.480003,111.209999,114.879997,114.879997,33478600
2023-01-11,114.599998,115.209999,112.309998,115.019997,115.019997,22804400
2023-01-12,113.660004,113.790001,111.449997,113.150002,113.150002,16590600
2023-01-13,114.519997,117.980003,114.089996,117.010002,117.010002,25615100
2023-01-17,115.519997,117.010002,114.339996,115.190002,115.190002,16945600
2023-01-18,116.75,116.75,113.040001,113.220001,113.220001,15347900
2023-01-19,114.019997,117.0,113.970001,116.580002,116.580002,18489900
2023-01-20,118.302002,120.059998,117.800003,119.860001,119.860001,18342700
2023-01-23,120.0,120.300003,118.137001,119.529999,119.529999,13590200
2023-01-24,115.0,120.0,115.0,119.440002,119.440002,7807100
2023-01-25,118.510002,120.32,117.5,120.25,120.25,9705000
2023-01-26,121.0,121.300003,118.762001,120.57,120.57,11171000
2023-01-27,119.690002,119.709999,116.809998,118.379997,118.379997,18027400
2023-01-30,111.690002,113.150002,109.779999,111.199997,111.199997,21918200
2023-01-31,109.419998,112.080002,108.809998,110.199997,110.199997,15330000
2023-02-01,111.860001,113.949997,110.150002,112.82,112.82,16623000
2023-02-02,112.5,112.525002,107.809998,109.739998,109.739998,23396900
2023-02-03,108.050003,109.529999,105.809998,106.330002,106.330002,15982200
2023-02-06,103.82,106.279999,103.220001,105.449997,105.449997,15337500
2023-02-07,106.839996,107.349998,103.720001,105.5,105.5,16861700
2023-02-08,107.099998,107.139999,103.550003,105.110001,105.110001,14329500
2023-02-09,108.5,109.809998,107.75,108.459999,108.459999,16281300
2023-02-10,105.800003,106.639999,102.790001,103.650002,103.650002,18776000
2023-02-13,105.989998,106.349998,104.150002,104.790001,104.790001,18538600
2023-02-14,103.550003,104.480003,101.849998,104.220001,104.220001,12978400
2023-02-15,102.389999,103.440002,102.0,103.080002,103.080002,18230200
2023-02-16,102.709999,104.519997,102.029999,103.110001,103.110001,21747100
2023-02-17,101.0,101.089996,99.25,100.010002,100.010002,18121600
2023-02-21,96.5,97.625,94.699997,95.099998,95.099998,27172700
2023-02-22,95.574997,95.889999,93.555,94.779999,94.779999,24484000
2023-02-23,100.099998,100.470001,92.129997,94.160004,94.160004,40482900
2023-02-24,90.07,91.68,88.029999,89.0,89.0,36174500
2023-02-27,90.849998,91.239998,88.894997,89.25,89.25,25840000
2023-02-28,88.459999,89.339996,87.269997,87.790001,87.790001,24597200
2023-03-01,92.919998,92.919998,89.730003,89.949997,89.949997,35434900
2023-03-02,88.959999,90.918999,87.970001,89.75,89.75,24829000
2023-03-03,90.110001,90.459999,88.400002,89.699997,89.699997,25834300
2023-03-06,89.584999,91.300003,88.029999,89.620003,89.620003,16983900
2023-03-07,89.519997,90.050003,88.199997,88.730003,88.730003,14514700
2023-03-08,87.389999,87.769997,86.449997,86.949997,86.949997,14721500
2023-03-09,85.120003,85.690002,82.875,83.370003,83.370003,24327700
2023-03-10,82.639999,84.519997,82.330002,82.959999,82.959999,18123100
2023-03-13,83.010002,83.754997,81.970001,82.900002,82.900002,17848300
2023-03-14,82.860001,83.910004,82.160004,83.849998,83.849998,20126100
2023-03-15,81.550003,82.540001,80.150002,81.510002,81.510002,21025300
2023-03-16,81.459999,82.480003,80.660004,82.220001,82.220001,22877500
2023-03-17,84.0,84.160004,80.620003,81.669998,81.669998,23711100
2023-03-20,80.150002,81.900002,79.480003,81.0,81.0,19536500
2023-03-21,82.459999,84.087997,82.0,83.699997,83.699997,16529400
2023-03-22,84.839996,85.389999,83.510002,83.650002,83.650002,21204700
2023-03-23,87.68,88.379997,85.260002,86.519997,86.519997,26861400
2023-03-24,85.870003,88.110001,85.629997,86.900002,86.900002,20349600
2023-03-27,87.129997,88.220001,85.5,86.120003,86.120003,18258300
2023-03-28,95.349998,99.510002,92.059998,98.400002,98.400002,118875200
2023-03-29,97.589996,101.330002,96.279999,99.919998,99.919998,53695000
2023-03-30,101.339996,105.050003,100.5,103.379997,103.379997,57780700
2023-03-31,102.860001,103.599998,101.132004,102.18,102.18,28356100
2023-04-03,100.889999,101.75,97.610001,98.389999,98.389999,26888100
2023-04-04,98.940002,101.470001,97.260002,100.720001,100.720001,26868400
2023-04-05,99.239998,100.449997,97.660004,98.550003,98.550003,20117700
2023-04-06,98.529999,103.239998,98.269997,102.739998,102.739998,26849200
2023-04-10,100.620003,102.830002,100.589996,101.540001,101.540001,16308300
2023-04-11,102.459999,102.540001,99.199997,99.760002,99.760002,19017700
2023-04-12,97.82,98.889999,93.580002,93.839996,93.839996,35516000
2023-04-13,95.875,97.190002,95.095001,96.169998,96.169998,24231700
2023-04-14,95.629997,96.120003,93.839996,94.550003,94.550003,14072100
2023-04-17,96.739998,97.230003,95.489998,96.419998,96.419998,15714100
2023-04-18,99.019997,99.169998,95.181,95.489998,95.489998,20672300
2023-04-19,94.599998,94.82,92.949997,93.489998,93.489998,18985200
2023-04-20,93.349998,93.790001,90.050003,90.739998,90.739998,25533900
2023-04-21,89.959999,90.190002,88.300003,89.129997,89.129997,23086200
2023-04-24,88.400002,88.480003,86.040001,86.889999,86.889999,22757100
2023-04-25,85.32,85.699997,82.211998,82.919998,82.919998,36441300
2023-04-26,85.040001,85.220001,82.760002,82.82,82.82,24983000
2023-04-27,83.07,84.639999,82.639999,84.470001,84.470001,24506800
2023-04-28,84.18,85.080002,83.870003,84.690002,84.690002,18109300
2023-05-01,84.150002,85.279999,83.771004,84.160004,84.160004,12909200
2023-05-02,83.150002,83.279999,80.653999,81.529999,81.529999,20689500
2023-05-03,81.305,82.0,80.489998,81.480003,81.480003,17759400
2023-05-04,82.389999,83.129997,81.800003,82.489998,82.489998,23773800
2023-05-05,82.75,83.379997,82.029999,83.220001,83.220001,17500600
2023-05-08,83.629997,83.699997,82.339996,83.309998,83.309998,17379100
