Date,Open,High,Low,Close,Adj Close,Volume
2020-11-24,10.05,10.05,10.04,10.04,10.04,60700
2020-11-25,10.047,10.121,10.04,10.09,10.09,56100
2020-11-27,10.13,10.13,10.05,10.09,10.09,27700
2020-11-30,10.04,10.13,10.03,10.1,10.1,18500
2020-12-01,10.08,10.1,10.06,10.09,10.09,20600
2020-12-02,10.07,10.1,10.05,10.06,10.06,4300
2020-12-03,10.07,10.13,10.07,10.1,10.1,128400
2020-12-04,10.1,10.15,10.09,10.13,10.13,91300
2020-12-07,10.107,10.161,10.08,10.11,10.11,6900
2020-12-08,10.17,10.17,10.11,10.157,10.157,4300
2020-12-09,10.15,10.24,10.12,10.17,10.17,29400
2020-12-10,10.15,10.15,10.1,10.15,10.15,49200
2020-12-11,10.19,10.62,10.146,10.3,10.3,192400
2020-12-14,10.4,10.4,10.2,10.26,10.26,69100
2020-12-15,10.278,10.285,10.278,10.285,10.285,700
2020-12-16,10.35,10.39,10.29,10.34,10.34,8100
2020-12-17,10.299,10.34,10.29,10.34,10.34,26200
2020-12-18,10.38,10.4,10.35,10.4,10.4,60300
2020-12-21,10.35,10.375,10.35,10.355,10.355,1700
2020-12-22,10.39,10.768,10.39,10.62,10.62,42400
2020-12-23,16.0,16.0,10.0,10.4,10.4,2028500
2020-12-24,10.18,10.65,10.1,10.14,10.14,687300
2020-12-28,10.3,10.47,10.18,10.24,10.24,169600
2020-12-29,10.2,10.275,10.1,10.12,10.12,137700
2020-12-30,10.16,10.189,10.09,10.11,10.11,485300
2020-12-31,10.2,10.38,10.05,10.15,10.15,348500
2021-01-04,10.26,10.26,10.1,10.11,10.11,170800
2021-01-05,10.23,10.23,10.12,10.14,10.14,78000
2021-01-06,10.14,10.218,10.14,10.2,10.2,70200
2021-01-07,10.15,10.234,10.13,10.15,10.15,84400
2021-01-08,10.29,10.45,10.24,10.325,10.325,350900
2021-01-11,10.231,10.322,10.15,10.2,10.2,17500
2021-01-12,10.14,10.38,10.14,10.3,10.3,372600
2021-01-13,10.38,10.75,10.38,10.48,10.48,333700
2021-01-14,10.54,10.64,10.41,10.48,10.48,142700
2021-01-15,10.48,10.55,10.25,10.3,10.3,403300
2021-01-19,10.38,10.44,10.32,10.37,10.37,115100
2021-01-20,10.48,10.495,10.32,10.35,10.35,45100
2021-01-21,10.4,10.45,10.35,10.393,10.393,91400
2021-01-22,10.48,10.49,10.35,10.418,10.418,60800
2021-01-25,10.61,10.62,10.29,10.35,10.35,189100
2021-01-26,10.44,10.44,10.274,10.31,10.31,44800
2021-01-27,10.14,10.21,10.11,10.15,10.15,147400
2021-01-28,10.15,10.25,10.15,10.2,10.2,100200
2021-01-29,10.15,10.29,10.15,10.16,10.16,36200
2021-02-01,10.6,10.88,10.51,10.6,10.6,384700
2021-02-02,10.65,10.7,10.53,10.55,10.55,227300
2021-02-03,10.55,10.6,10.498,10.58,10.58,197900
2021-02-04,10.67,10.67,10.51,10.52,10.52,126000
2021-02-05,10.55,10.69,10.5,10.52,10.52,84300
2021-02-08,10.53,10.55,10.45,10.49,10.49,136700
2021-02-09,10.5,10.5,10.39,10.49,10.49,121800
2021-02-10,10.47,10.5,10.32,10.38,10.38,93900
2021-02-11,10.34,10.44,10.32,10.32,10.32,84100
2021-02-12,10.31,10.332,10.18,10.22,10.22,160500
2021-02-16,10.29,10.389,10.27,10.34,10.34,93000
2021-02-17,10.31,10.41,10.3,10.35,10.35,78600
2021-02-18,10.31,10.4,10.3,10.36,10.36,71800
2021-02-19,10.44,10.5,10.33,10.42,10.42,53800
2021-02-22,10.47,10.49,10.35,10.39,10.39,56300
2021-02-23,10.3,10.36,10.15,10.31,10.31,139800
2021-02-24,10.26,10.5,10.26,10.45,10.45,50500
2021-02-25,10.34,10.4,10.2,10.28,10.28,109000
2021-02-26,10.28,10.33,10.166,10.32,10.32,64200
2021-03-01,10.32,10.32,10.2,10.25,10.25,30300
2021-03-02,10.29,10.29,10.1,10.1,10.1,89000
2021-03-03,10.17,10.2,10.02,10.15,10.15,65000
2021-03-04,10.05,10.07,9.95,10.02,10.02,139100
2021-03-05,10.06,10.08,9.82,10.05,10.05,81900
2021-03-08,10.19,10.19,10.0,10.04,10.04,38700
2021-03-09,10.08,10.13,10.01,10.01,10.01,16500
2021-03-10,10.01,10.06,10.01,10.01,10.01,33900
2021-03-11,10.08,10.08,10.01,10.02,10.02,22700
2021-03-12,10.01,10.06,10.01,10.06,10.06,13100
2021-03-15,10.06,10.091,10.03,10.05,10.05,22800
2021-03-16,10.03,10.1,10.02,10.02,10.02,15300
2021-03-17,10.02,10.04,10.0,10.01,10.01,18900
2021-03-18,10.05,10.06,10.01,10.01,10.01,22000
2021-03-19,10.02,10.06,10.01,10.03,10.03,6300
2021-03-22,10.007,10.03,10.0,10.03,10.03,14900
2021-03-23,10.01,10.02,9.95,9.97,9.97,54800
2021-03-24,9.97,9.98,9.85,9.85,9.85,1058300
2021-03-25,9.89,9.92,9.86,9.905,9.905,32000
2021-03-26,9.91,9.97,9.91,9.95,9.95,85800
2021-03-29,9.95,10.0,9.95,9.97,9.97,256800
2021-03-30,9.97,10.0,9.97,9.99,9.99,14700
2021-03-31,9.93,9.985,9.92,9.95,9.95,13600
2021-04-01,9.96,10.04,9.96,10.04,10.04,23000
2021-04-05,10.0,10.02,9.96,9.97,9.97,19400
2021-04-06,10.01,10.05,9.98,10.03,10.03,42800
2021-04-07,10.0,10.03,10.0,10.0,10.0,3900
2021-04-08,10.02,10.05,10.009,10.02,10.02,6900
2021-04-09,10.025,10.05,10.0,10.05,10.05,18700
2021-04-12,10.06,10.06,9.99,10.03,10.03,13100
2021-04-13,10.01,10.08,10.01,10.08,10.08,14700
2021-04-14,10.02,10.08,10.01,10.06,10.06,11500
2021-04-15,10.08,10.08,9.99,10.05,10.05,7800
2021-04-16,10.05,10.05,10.01,10.035,10.035,23900
2021-04-19,10.02,10.04,10.02,10.02,10.02,23700
2021-04-20,10.0,10.02,10.0,10.02,10.02,9100
2021-04-21,10.0,10.03,10.0,10.025,10.025,21700
2021-04-22,10.01,10.05,10.01,10.04,10.04,12000
2021-04-23,10.02,10.04,10.01,10.01,10.01,7000
2021-04-26,10.02,10.034,10.01,10.016,10.016,30300
2021-04-27,10.06,10.06,10.0,10.01,10.01,17100
2021-04-28,10.0,10.03,10.0,10.02,10.02,31500
2021-04-29,10.0,10.04,10.0,10.02,10.02,27500
2021-04-30,10.02,10.04,10.02,10.04,10.04,2000
2021-05-03,10.03,10.04,10.03,10.04,10.04,8000
2021-05-04,10.03,10.05,10.03,10.04,10.04,11400
2021-05-05,10.03,10.041,10.03,10.03,10.03,36800
2021-05-06,10.01,10.04,10.01,10.03,10.03,13600
2021-05-07,10.0,10.025,10.0,10.01,10.01,2000
2021-05-10,10.01,10.017,10.01,10.01,10.01,11100
2021-05-11,10.0,10.011,9.99,10.0,10.0,6300
2021-05-12,10.0,10.02,10.0,10.0,10.0,12500
2021-05-13,9.99,10.02,9.99,10.0,10.0,23200
2021-05-14,9.99,10.02,9.99,10.02,10.02,5200
2021-05-17,9.99,10.02,9.99,10.02,10.02,11400
2021-05-18,9.98,10.015,9.98,10.0,10.0,11600
2021-05-19,9.97,10.0,9.97,9.98,9.98,5100
2021-05-20,9.99,10.01,9.98,10.0,10.0,11500
2021-05-21,10.03,10.04,9.96,10.02,10.02,40000
2021-05-24,10.04,10.04,9.98,9.98,9.98,16400
2021-05-25,9.98,10.03,9.98,10.01,10.01,6100
2021-05-26,10.04,10.04,9.97,9.97,9.97,13700
2021-05-27,10.04,10.04,9.98,10.0,10.0,12300
2021-05-28,10.04,10.04,10.0,10.01,10.01,8900
2021-06-01,9.98,10.02,9.98,9.994,9.994,39300
2021-06-02,9.99,10.03,9.99,10.03,10.03,20100
2021-06-03,10.03,10.07,10.02,10.03,10.03,803300
2021-06-04,10.03,10.07,10.03,10.05,10.05,17600
2021-06-07,10.08,10.08,10.04,10.06,10.06,45000
2021-06-08,10.02,10.07,10.0,10.0,10.0,11500
2021-06-09,10.07,10.07,10.01,10.05,10.05,35100
2021-06-10,10.033,10.07,10.033,10.06,10.06,3100
2021-06-11,10.024,10.07,10.024,10.065,10.065,57300
2021-06-14,10.08,10.1,10.035,10.07,10.07,38500
2021-06-15,10.08,10.1,10.075,10.08,10.08,11500
2021-06-16,10.07,10.11,10.04,10.11,10.11,10100
2021-06-17,10.1,10.1,10.05,10.1,10.1,8900
2021-06-18,10.031,10.05,10.031,10.04,10.04,3600
2021-06-21,10.02,10.06,10.02,10.06,10.06,3700
2021-06-22,10.02,10.11,10.02,10.11,10.11,7400
2021-06-23,10.1,10.1,10.03,10.03,10.03,4200
2021-06-24,10.1,10.1,10.02,10.08,10.08,4300
2021-06-25,10.055,10.09,10.02,10.09,10.09,2400
2021-06-28,10.05,10.08,10.02,10.03,10.03,2900
2021-06-29,10.04,10.05,10.04,10.04,10.04,1900
2021-06-30,10.038,10.055,10.038,10.04,10.04,8300
2021-07-01,10.07,10.07,10.02,10.03,10.03,7300
2021-07-02,10.02,10.08,10.02,10.08,10.08,900
2021-07-06,10.055,10.08,10.02,10.03,10.03,5300
2021-07-07,10.03,10.06,10.03,10.03,10.03,2100
2021-07-08,10.02,10.02,10.01,10.02,10.02,26800
2021-07-09,10.03,10.06,10.029,10.06,10.06,21700
2021-07-12,10.11,10.11,10.01,10.01,10.01,15100
2021-07-13,10.01,10.03,10.01,10.01,10.01,10800
2021-07-14,10.014,10.04,10.01,10.02,10.02,1800
2021-07-15,10.01,10.028,10.01,10.01,10.01,4900
2021-07-16,10.01,10.05,10.01,10.02,10.02,4100
2021-07-19,10.02,10.05,10.02,10.02,10.02,12900
2021-07-20,10.03,10.07,10.03,10.03,10.03,4800
2021-07-21,10.03,10.05,10.03,10.05,10.05,22100
2021-07-22,10.02,10.05,10.02,10.02,10.02,4200
2021-07-23,10.02,10.02,10.01,10.01,10.01,1300
2021-07-26,10.046,10.046,10.02,10.02,10.02,700
2021-07-27,10.01,10.04,10.01,10.02,10.02,5900
2021-07-28,10.035,10.035,10.01,10.02,10.02,46100
2021-07-29,10.02,10.02,10.0,10.01,10.01,58400
2021-07-30,10.035,10.035,10.03,10.03,10.03,1400
2021-08-02,10.03,10.03,10.02,10.025,10.025,2400
2021-08-03,10.04,10.04,10.03,10.03,10.03,11600
2021-08-04,10.025,10.03,10.018,10.03,10.03,7700
2021-08-05,10.03,10.03,10.03,10.03,10.03,1100
2021-08-06,10.031,10.034,10.03,10.034,10.034,2700
2021-08-09,10.04,10.04,10.02,10.038,10.038,19200
2021-08-10,10.04,10.05,10.04,10.04,10.04,3300
2021-08-11,10.08,10.08,10.02,10.03,10.03,6900
2021-08-12,10.05,10.05,10.03,10.03,10.03,700
2021-08-13,10.03,10.05,10.03,10.04,10.04,4800
2021-08-16,10.05,10.05,10.025,10.04,10.04,44200
2021-08-17,10.03,10.036,10.03,10.03,10.03,3400
2021-08-18,10.05,10.05,10.03,10.045,10.045,6000
2021-08-19,10.04,10.045,10.03,10.042,10.042,8300
2021-08-20,10.03,10.05,10.03,10.05,10.05,9800
2021-08-23,10.05,10.08,10.05,10.05,10.05,33100
2021-08-24,10.083,10.083,10.03,10.03,10.03,26400
2021-08-25,10.04,10.06,10.04,10.06,10.06,1200
2021-08-26,10.09,10.09,10.05,10.059,10.059,11800
2021-08-27,10.05,10.09,10.04,10.06,10.06,1400
2021-08-30,10.05,10.07,10.05,10.06,10.06,2100
2021-08-31,10.05,10.068,10.05,10.05,10.05,2400
2021-09-01,10.051,10.051,10.05,10.05,10.05,5500
2021-09-02,10.05,10.06,10.05,10.06,10.06,21800
2021-09-03,10.09,10.09,10.09,10.09,10.09,400
2021-09-07,10.06,10.071,10.06,10.071,10.071,700
2021-09-08,10.05,10.083,10.05,10.055,10.055,1800
2021-09-09,10.07,10.1,10.06,10.1,10.1,46800
2021-09-10,10.1,10.1,10.09,10.09,10.09,7800
2021-09-13,10.1,10.101,10.079,10.08,10.08,20100
2021-09-14,10.1,10.11,10.07,10.08,10.08,6100
2021-09-15,10.07,10.07,10.07,10.07,10.07,5500
2021-09-16,10.07,10.09,10.07,10.08,10.08,10000
2021-09-17,10.07,10.11,10.07,10.11,10.11,16200
2021-09-20,10.08,10.08,10.08,10.08,10.08,5700
2021-09-21,10.08,10.085,10.08,10.085,10.085,6000
2021-09-22,10.08,10.08,10.08,10.08,10.08,5200
2021-09-23,10.08,10.082,10.08,10.082,10.082,5400
2021-09-24,10.08,10.08,10.08,10.08,10.08,5200
2021-09-27,10.08,10.083,10.08,10.083,10.083,600
2021-09-28,10.08,10.08,10.08,10.08,10.08,1300
2021-09-29,10.11,10.11,10.09,10.09,10.09,10500
2021-09-30,10.09,10.09,10.09,10.09,10.09,5500
2021-10-01,10.1,10.12,10.1,10.1,10.1,2100
2021-10-04,10.1,10.11,10.09,10.09,10.09,4300
2021-10-05,10.12,10.12,10.1,10.1,10.1,900
2021-10-06,10.1,10.105,10.1,10.105,10.105,1600
2021-10-07,10.11,10.12,10.1,10.12,10.12,22300
2021-10-08,10.11,10.11,10.11,10.11,10.11,1600
2021-10-11,10.11,10.113,10.11,10.11,10.11,1600
2021-10-12,10.111,10.111,10.111,10.111,10.111,700
2021-10-13,10.108,10.118,10.1,10.115,10.115,15900
2021-10-14,10.11,10.133,10.11,10.124,10.124,2500
2021-10-15,10.13,10.13,10.11,10.11,10.11,500
2021-10-18,10.11,10.13,10.11,10.13,10.13,54700
2021-10-19,10.13,10.13,10.13,10.13,10.13,0
2021-10-20,10.11,10.11,10.11,10.11,10.11,400
2021-10-21,10.118,10.12,10.118,10.12,10.12,2300
2021-10-22,10.13,10.16,10.11,10.13,10.13,45100
2021-10-25,10.13,10.35,10.12,10.22,10.22,325700
2021-10-26,10.15,10.175,10.11,10.12,10.12,155100
2021-10-27,10.12,10.172,10.12,10.137,10.137,47500
2021-10-28,10.13,10.2,10.13,10.13,10.13,20600
2021-10-29,10.13,10.145,10.13,10.14,10.14,36800
2021-11-01,10.14,10.182,10.13,10.13,10.13,19600
2021-11-02,10.13,10.2,10.13,10.17,10.17,13300
2021-11-03,10.13,10.168,10.13,10.15,10.15,3600
2021-11-04,10.15,10.15,10.136,10.15,10.15,10700
2021-11-05,10.14,10.15,10.14,10.15,10.15,7000
2021-11-08,10.15,10.15,10.14,10.15,10.15,44700
2021-11-09,10.15,10.15,10.14,10.15,10.15,9500
2021-11-10,10.14,10.15,10.135,10.15,10.15,44600
2021-11-11,10.14,10.15,10.14,10.15,10.15,5600
2021-11-12,10.173,10.173,10.14,10.17,10.17,24800
2021-11-15,10.18,10.18,10.17,10.17,10.17,2600
2021-11-16,10.156,10.24,10.15,10.22,10.22,5700
2021-11-17,10.21,10.22,10.15,10.22,10.22,1900
2021-11-18,10.16,10.22,10.16,10.2,10.2,2300
2021-11-19,10.16,10.23,10.16,10.17,10.17,9400
2021-11-22,10.16,10.191,10.16,10.18,10.18,51500
2021-11-23,10.17,10.18,10.16,10.17,10.17,43900
2021-11-24,10.18,10.18,10.16,10.18,10.18,13900
2021-11-26,10.19,10.19,10.16,10.18,10.18,11200
2021-11-29,10.16,10.2,10.16,10.2,10.2,184100
2021-11-30,10.17,10.19,10.16,10.19,10.19,199900
2021-12-01,10.16,10.17,10.16,10.17,10.17,2100
2021-12-02,10.169,10.18,10.16,10.18,10.18,9300
2021-12-03,10.17,10.18,10.17,10.17,10.17,13300
2021-12-06,10.18,10.19,10.17,10.17,10.17,12500
2021-12-07,10.19,10.19,10.18,10.19,10.19,4600
2021-12-08,10.19,10.19,10.18,10.19,10.19,4000
2021-12-09,10.2,10.21,10.19,10.21,10.21,2900
2021-12-10,10.19,10.21,10.19,10.2,10.2,10600
2021-12-13,10.198,10.2,10.19,10.19,10.19,2800
2021-12-14,10.18,10.19,10.18,10.19,10.19,1600
2021-12-15,10.18,10.19,10.18,10.19,10.19,2800
2021-12-16,10.19,10.19,10.18,10.19,10.19,11100
2021-12-17,10.19,10.22,10.19,10.21,10.21,46200
2021-12-20,10.2,10.2,10.18,10.2,10.2,8500
2021-12-21,10.197,10.22,10.19,10.21,10.21,4500
2021-12-22,10.21,10.21,10.21,10.21,10.21,600
2021-12-23,10.19,10.21,10.19,10.21,10.21,15600
2021-12-27,10.2,10.217,10.19,10.21,10.21,3100
2021-12-28,10.22,10.22,10.2,10.2,10.2,600
2021-12-29,10.209,10.209,10.19,10.2,10.2,900
2021-12-30,10.19,10.22,10.19,10.2,10.2,3500
2021-12-31,10.2,10.21,10.19,10.21,10.21,3200
2022-01-03,10.22,10.22,10.19,10.21,10.21,6700
2022-01-04,10.205,10.21,10.205,10.21,10.21,900
2022-01-05,10.2,10.23,10.2,10.22,10.22,2500
2022-01-06,10.215,10.22,10.19,10.22,10.22,10700
2022-01-07,10.22,10.22,10.22,10.22,10.22,700
2022-01-10,10.22,10.22,10.2,10.2,10.2,2700
2022-01-11,10.24,10.25,10.2,10.22,10.22,9600
2022-01-12,10.2,10.22,10.2,10.22,10.22,500
2022-01-13,10.25,10.25,10.2,10.22,10.22,1200
2022-01-14,10.21,10.23,10.21,10.23,10.23,5900
2022-01-18,10.21,10.23,10.21,10.23,10.23,83000
2022-01-19,10.23,10.25,10.23,10.25,10.25,6800
2022-01-20,10.22,10.23,10.22,10.23,10.23,9000
2022-01-21,10.21,10.25,10.21,10.22,10.22,29500
2022-01-24,10.23,10.23,10.21,10.22,10.22,69000
2022-01-25,10.21,10.24,10.21,10.22,10.22,99200
2022-01-26,10.244,10.244,10.21,10.23,10.23,3100
2022-01-27,10.23,10.24,10.23,10.24,10.24,846700
2022-01-28,10.26,10.26,10.23,10.23,10.23,42300
2022-01-31,10.23,10.24,10.23,10.24,10.24,43900
2022-02-01,10.26,10.26,10.23,10.24,10.24,5300
2022-02-02,10.24,10.24,10.23,10.24,10.24,115100
2022-02-03,10.23,10.26,10.23,10.26,10.26,185200
2022-02-04,10.26,10.26,10.23,10.24,10.24,56100
2022-02-07,10.25,10.25,10.23,10.23,10.23,5500
2022-02-08,10.25,10.27,10.24,10.27,10.27,29800
2022-02-09,10.28,10.28,10.25,10.25,10.25,17500
2022-02-10,10.25,10.26,10.24,10.24,10.24,348300
2022-02-11,10.24,10.24,10.24,10.24,10.24,19500
2022-02-14,10.266,10.27,10.24,10.27,10.27,2400
2022-02-15,10.242,10.25,10.24,10.24,10.24,9200
2022-02-16,10.25,10.25,10.24,10.24,10.24,13100
2022-02-17,10.25,10.26,10.25,10.25,10.25,185500
2022-02-18,10.25,10.26,10.25,10.25,10.25,22700
2022-02-22,10.28,10.28,10.27,10.27,10.27,61400
2022-02-23,10.29,10.29,10.265,10.28,10.28,20100
2022-02-24,10.275,10.28,10.27,10.28,10.28,1600
2022-02-25,10.27,10.27,10.27,10.27,10.27,6700
2022-02-28,10.27,10.28,10.27,10.27,10.27,6000
2022-03-01,10.275,10.28,10.27,10.28,10.28,4100
2022-03-02,10.28,10.288,10.27,10.27,10.27,13900
2022-03-03,10.32,10.32,10.28,10.28,10.28,500
2022-03-04,10.27,10.28,10.27,10.27,10.27,8800
2022-03-07,10.27,10.28,10.27,10.28,10.28,3400
2022-03-08,10.29,10.29,10.28,10.28,10.28,1600
2022-03-09,10.32,10.32,10.28,10.28,10.28,6100
2022-03-10,10.28,10.3,10.28,10.3,10.3,2600
2022-03-11,10.296,10.3,10.28,10.29,10.29,13800
2022-03-14,10.28,10.3,10.28,10.3,10.3,2500
2022-03-15,10.29,10.3,10.29,10.29,10.29,8700
2022-03-16,10.33,10.33,10.29,10.29,10.29,11600
2022-03-17,10.29,10.3,10.29,10.3,10.3,6600
2022-03-18,10.3,10.3,10.29,10.29,10.29,2300
2022-03-21,10.29,10.299,10.29,10.29,10.29,2200
2022-03-22,10.33,10.33,10.29,10.29,10.29,11700
2022-03-23,10.33,10.33,10.29,10.31,10.31,12900
2022-03-24,10.29,10.3,10.29,10.29,10.29,3000
2022-03-25,10.3,10.3,10.29,10.29,10.29,1900
2022-03-28,10.3,10.3,10.29,10.29,10.29,79400
2022-03-29,10.29,10.29,10.29,10.29,10.29,1200
2022-03-30,10.3,10.31,10.3,10.31,10.31,81500
2022-03-31,10.31,10.31,10.306,10.31,10.31,26100
2022-04-01,10.33,10.34,10.317,10.33,10.33,214600
2022-04-04,10.335,10.34,10.323,10.33,10.33,97700
2022-04-05,10.33,10.35,10.32,10.33,10.33,2832900
2022-04-06,10.33,10.33,10.32,10.33,10.33,1248700
2022-04-07,10.33,10.34,10.32,10.34,10.34,7500
2022-04-08,10.34,10.39,10.331,10.35,10.35,446400
2022-04-11,10.35,10.35,10.33,10.33,10.33,273900
2022-04-12,10.34,10.35,10.33,10.33,10.33,253200
2022-04-13,10.331,10.34,10.33,10.335,10.335,11400
2022-04-14,10.34,10.34,10.33,10.33,10.33,46100
2022-04-18,10.34,10.34,10.33,10.34,10.34,53800
2022-04-19,10.33,10.34,10.33,10.34,10.34,55600
2022-04-20,10.33,10.35,10.33,10.33,10.33,115900
2022-04-21,10.35,10.35,10.33,10.33,10.33,11500
2022-04-22,10.339,10.34,10.33,10.335,10.335,22500
2022-04-25,10.34,10.35,10.33,10.33,10.33,23200
2022-04-26,10.33,10.34,10.33,10.33,10.33,225200
2022-04-27,10.33,10.34,10.33,10.33,10.33,53800
2022-04-28,10.35,10.36,10.34,10.35,10.35,1176500
2022-04-29,10.35,10.36,10.34,10.34,10.34,298900
2022-05-02,10.34,10.35,10.34,10.34,10.34,24500
2022-05-03,10.34,10.69,10.33,10.52,10.52,75300
2022-05-04,10.37,10.538,10.35,10.4,10.4,264400
2022-05-05,10.32,10.45,10.32,10.4,10.4,136300
2022-05-06,10.44,10.9,10.42,10.56,10.56,857100
2022-05-09,10.3,10.373,10.165,10.2,10.2,1199700
2022-05-10,10.21,10.24,10.21,10.23,10.23,434300
2022-05-11,10.23,10.24,10.21,10.22,10.22,359600
2022-05-12,10.22,10.231,10.21,10.21,10.21,60200
2022-05-13,10.21,10.22,10.2,10.21,10.21,291900
2022-05-16,10.21,10.22,10.2,10.2,10.2,198000
2022-05-17,10.21,10.215,10.2,10.21,10.21,211700
2022-05-18,10.21,10.21,10.2,10.2,10.2,83600
2022-05-19,10.21,10.21,10.19,10.2,10.2,178800
2022-05-20,10.205,10.21,10.2,10.21,10.21,74200
2022-05-23,10.21,10.22,10.2,10.2,10.2,65800
2022-05-24,10.23,10.23,10.2,10.2,10.2,94500
2022-05-25,10.21,10.23,10.21,10.22,10.22,76400
2022-05-26,10.22,10.24,10.22,10.24,10.24,16900
2022-05-27,10.23,10.23,10.21,10.21,10.21,66100
2022-05-31,10.221,10.23,10.22,10.23,10.23,42200
2022-06-01,10.224,10.24,10.22,10.24,10.24,277900
2022-06-02,10.24,10.25,10.24,10.25,10.25,14400
2022-06-03,10.245,10.25,10.24,10.24,10.24,13200
2022-06-06,10.25,10.26,10.25,10.25,10.25,2300
2022-06-07,10.24,10.24,10.24,10.24,10.24,600
2022-06-08,10.26,10.26,10.24,10.26,10.26,6100
2022-06-09,10.26,10.26,10.24,10.26,10.26,19100
2022-06-10,10.24,10.25,10.24,10.25,10.25,5600
2022-06-13,10.24,10.24,10.24,10.24,10.24,67700
2022-06-14,10.24,10.25,10.24,10.24,10.24,10900
2022-06-15,10.25,10.25,10.241,10.25,10.25,88600
2022-06-16,10.25,10.255,10.24,10.25,10.25,16100
2022-06-17,10.25,10.25,10.24,10.24,10.24,26900
2022-06-21,10.25,10.27,10.24,10.26,10.26,22500
2022-06-22,10.27,10.27,10.25,10.25,10.25,2100
2022-06-23,10.25,10.254,10.25,10.25,10.25,1600
2022-06-24,10.25,10.27,10.25,10.26,10.26,1300
2022-06-27,10.28,10.28,10.25,10.27,10.27,3700
2022-06-28,10.27,10.27,10.27,10.27,10.27,600
2022-06-29,10.26,10.27,10.26,10.27,10.27,700
2022-06-30,10.27,10.27,10.27,10.27,10.27,500
2022-07-01,10.27,10.27,10.26,10.27,10.27,21500
2022-07-05,10.26,10.28,10.26,10.28,10.28,9000
2022-07-06,10.26,10.27,10.26,10.26,10.26,900
2022-07-07,10.27,10.27,10.27,10.27,10.27,3900
2022-07-08,10.27,10.28,10.27,10.27,10.27,2700
2022-07-11,10.27,10.27,10.27,10.27,10.27,3600
2022-07-12,10.27,10.29,10.269,10.27,10.27,72200
2022-07-13,10.28,10.28,10.26,10.28,10.28,115200
2022-07-14,10.27,10.28,10.27,10.28,10.28,28600
2022-07-15,10.28,10.29,10.27,10.29,10.29,37700
2022-07-18,10.29,10.29,10.285,10.29,10.29,1500
2022-07-19,10.28,10.29,10.28,10.29,10.29,3800
2022-07-20,10.28,10.29,10.28,10.29,10.29,18200
2022-07-21,10.28,10.3,10.28,10.3,10.3,400
2022-07-22,10.28,10.3,10.28,10.3,10.3,600
2022-07-25,10.3,10.3,10.28,10.29,10.29,51700
2022-07-26,10.295,10.295,10.29,10.29,10.29,50500
2022-07-27,10.28,10.28,10.28,10.28,10.28,400
2022-07-28,10.29,10.29,10.28,10.29,10.29,1300
2022-07-29,10.29,10.29,10.28,10.29,10.29,11400
2022-08-01,10.29,10.3,10.289,10.3,10.3,20600
2022-08-02,10.295,10.3,10.29,10.3,10.3,900
2022-08-03,10.3,10.3,10.3,10.3,10.3,500
2022-08-04,10.29,10.31,10.29,10.31,10.31,77600
2022-08-05,10.3,10.31,10.295,10.31,10.31,19000
2022-08-08,10.31,10.31,10.3,10.31,10.31,1100
2022-08-09,10.3,10.31,10.3,10.31,10.31,5400
2022-08-10,10.31,10.31,10.302,10.31,10.31,700
2022-08-11,10.31,10.31,10.3,10.31,10.31,900
2022-08-12,10.31,10.31,10.31,10.31,10.31,17300
2022-08-15,10.3,10.32,10.3,10.32,10.32,22200
2022-08-16,10.31,10.32,10.3,10.31,10.31,111400
2022-08-17,10.31,10.33,10.31,10.32,10.32,70000
2022-08-18,10.32,10.34,10.32,10.32,10.32,28500
2022-08-19,10.32,10.33,10.32,10.32,10.32,22800
2022-08-22,10.326,10.34,10.32,10.34,10.34,3900
2022-08-23,10.34,10.34,10.33,10.33,10.33,12700
2022-08-24,10.34,10.34,10.33,10.33,10.33,59300
2022-08-25,10.34,10.34,10.34,10.34,10.34,1500
2022-08-26,10.33,10.34,10.33,10.34,10.34,3600
2022-08-29,10.33,10.34,10.33,10.34,10.34,12500
2022-08-30,10.33,10.34,10.33,10.34,10.34,3400
2022-08-31,10.34,10.34,10.335,10.34,10.34,12000
2022-09-01,10.33,10.33,10.33,10.33,10.33,2100
2022-09-02,10.33,10.35,10.33,10.35,10.35,3700
2022-09-06,10.34,10.35,10.34,10.35,10.35,12900
2022-09-07,10.34,10.35,10.34,10.35,10.35,25100
2022-09-08,10.35,10.36,10.33,10.35,10.35,46400
2022-09-09,10.33,10.4,10.33,10.37,10.37,75600
2022-09-12,10.35,10.37,10.35,10.35,10.35,27300
2022-09-13,10.35,10.39,10.35,10.39,10.39,78000
2022-09-14,10.36,10.37,10.34,10.34,10.34,57700
2022-09-15,10.34,10.36,10.34,10.36,10.36,300800
2022-09-16,10.4,10.78,10.4,10.62,10.62,410000
2022-09-19,10.55,10.575,10.43,10.47,10.47,138500
2022-09-20,10.47,10.47,10.42,10.45,10.45,47300
2022-09-21,10.46,10.47,10.4,10.42,10.42,100400
2022-09-22,10.42,10.44,10.4,10.43,10.43,67100
2022-09-23,10.42,10.48,10.41,10.43,10.43,67300
2022-09-26,10.43,10.43,10.4,10.4,10.4,17500
2022-09-27,10.41,10.42,10.36,10.39,10.39,24000
2022-09-28,10.37,10.4,10.36,10.4,10.4,12100
2022-09-29,10.362,10.4,10.35,10.38,10.38,32600
2022-09-30,10.36,10.39,10.34,10.37,10.37,105000
2022-10-03,10.4,10.4,10.35,10.38,10.38,23300
2022-10-04,10.35,10.36,10.34,10.35,10.35,36900
2022-10-05,10.37,10.371,10.34,10.36,10.36,28500
2022-10-06,10.34,10.355,10.334,10.35,10.35,51400
2022-10-07,10.341,10.35,10.33,10.35,10.35,34900
2022-10-10,10.34,10.35,10.34,10.35,10.35,24700
2022-10-11,10.36,10.36,10.34,10.36,10.36,1400
2022-10-12,10.36,10.36,10.34,10.35,10.35,7800
2022-10-13,10.35,10.35,10.34,10.34,10.34,22200
2022-10-14,10.34,10.36,10.34,10.34,10.34,33200
2022-10-17,10.34,10.36,10.34,10.36,10.36,40000
2022-10-18,10.34,10.351,10.34,10.35,10.35,56800
2022-10-19,10.34,10.34,10.34,10.34,10.34,21200
2022-10-20,10.34,10.36,10.34,10.36,10.36,1200
2022-10-21,10.38,10.38,10.35,10.36,10.36,14000
2022-10-24,10.35,10.36,10.35,10.36,10.36,60600
2022-10-25,10.36,10.36,10.35,10.36,10.36,15500
2022-10-26,10.35,10.37,10.35,10.37,10.37,5400
2022-10-27,10.365,10.37,10.35,10.37,10.37,17700
2022-10-28,10.36,10.37,10.36,10.37,10.37,900
2022-10-31,10.37,10.37,10.365,10.37,10.37,2700
2022-11-01,10.45,10.47,10.4,10.44,10.44,321000
2022-11-02,10.46,10.46,10.41,10.41,10.41,14500
2022-11-03,10.41,10.41,10.4,10.4,10.4,96000
2022-11-04,10.4,10.45,10.33,10.37,10.37,290500
2022-11-07,10.437,10.437,10.35,10.41,10.41,64300
2022-11-08,10.41,10.426,10.41,10.41,10.41,33600
2022-11-09,10.41,10.412,10.41,10.41,10.41,2500
2022-11-10,10.37,10.37,10.37,10.37,10.37,18300
2022-11-11,10.41,10.41,10.41,10.41,10.41,800
2022-11-14,10.42,10.42,10.37,10.375,10.375,3100
2022-11-15,10.37,10.37,10.37,10.37,10.37,2700
2022-11-16,10.37,10.37,10.37,10.37,10.37,0
2022-11-17,10.37,10.38,10.37,10.38,10.38,24000
2022-11-18,10.4,10.4,10.37,10.38,10.38,4000
2022-11-21,10.385,10.4,10.38,10.39,10.39,2000
2022-11-22,10.395,10.395,10.38,10.38,10.38,43100
2022-11-23,10.38,10.38,10.38,10.38,10.38,1000
2022-11-25,10.39,10.39,10.39,10.39,10.39,300
2022-11-28,10.39,10.401,10.39,10.39,10.39,2200
2022-11-29,10.39,10.4,10.39,10.39,10.39,2200
2022-11-30,10.4,10.4,10.39,10.39,10.39,3100
2022-12-01,10.4,10.4,10.39,10.39,10.39,2100
2022-12-02,10.39,10.4,10.39,10.39,10.39,2400
2022-12-05,10.4,10.4,10.39,10.39,10.39,17000
2022-12-06,10.39,10.4,10.39,10.39,10.39,12100
2022-12-07,10.395,10.4,10.39,10.39,10.39,1200
2022-12-08,10.4,10.42,10.391,10.4,10.4,4200
2022-12-09,10.41,10.41,10.4,10.4,10.4,500
2022-12-12,10.405,10.41,10.4,10.4,10.4,2600
2022-12-13,10.41,10.42,10.4,10.42,10.42,2600
2022-12-14,10.402,10.402,10.402,10.402,10.402,1000
2022-12-15,10.42,10.42,10.416,10.42,10.42,2000
2022-12-16,10.41,10.42,10.405,10.41,10.41,1900
2022-12-19,10.42,10.43,10.42,10.43,10.43,9700
2022-12-20,10.42,10.42,10.42,10.42,10.42,900
2022-12-21,10.42,10.42,10.42,10.42,10.42,1000
2022-12-22,10.42,10.43,10.42,10.43,10.43,15700
2022-12-23,10.43,10.43,10.42,10.425,10.425,1500
2022-12-27,10.41,10.43,10.41,10.43,10.43,1000
2022-12-28,10.425,10.43,10.42,10.425,10.425,4300
2022-12-29,10.43,10.44,10.43,10.44,10.44,7900
2022-12-30,10.431,10.44,10.43,10.43,10.43,5800
2023-01-03,10.43,10.45,10.43,10.45,10.45,5600
2023-01-04,10.44,10.45,10.44,10.45,10.45,1200
2023-01-05,10.45,10.46,10.435,10.46,10.46,10400
2023-01-06,10.451,10.46,10.44,10.447,10.447,7100
2023-01-09,10.45,10.46,10.45,10.46,10.46,11800
2023-01-10,10.44,10.46,10.44,10.46,10.46,9000
2023-01-11,10.46,10.5,10.46,10.5,10.5,5400
2023-01-12,10.452,10.452,10.452,10.452,10.452,800
2023-01-13,10.53,10.53,10.49,10.51,10.51,5500
2023-01-17,10.51,10.51,10.49,10.51,10.51,7100
2023-01-18,10.517,10.517,10.517,10.517,10.517,200
2023-01-19,10.5,10.51,10.5,10.5,10.5,2800
2023-01-20,10.5,10.51,10.5,10.5,10.5,1900
2023-01-23,10.52,10.52,10.5,10.51,10.51,13200
2023-01-24,10.5,10.535,10.5,10.535,10.535,5900
2023-01-25,10.55,10.587,10.55,10.551,10.551,3100
2023-01-26,10.5,10.57,10.5,10.57,10.57,800
2023-01-27,10.563,10.563,10.535,10.56,10.56,12900
2023-01-30,10.55,10.58,10.55,10.58,10.58,700
2023-01-31,10.58,10.58,10.52,10.579,10.579,11500
2023-02-01,10.545,10.59,10.538,10.55,10.55,3500
2023-02-02,10.58,10.58,10.55,10.55,10.55,8200
2023-02-03,10.55,10.55,10.5,10.5,10.5,5600
2023-02-06,10.55,10.56,10.55,10.55,10.55,4400
2023-02-07,10.55,10.56,10.54,10.56,10.56,21200
2023-02-08,10.56,10.56,10.54,10.54,10.54,900
2023-02-09,10.514,10.551,10.514,10.551,10.551,900
2023-02-10,10.56,10.56,10.549,10.55,10.55,2500
2023-02-13,10.55,10.56,10.535,10.535,10.535,600
2023-02-14,10.54,10.56,10.54,10.56,10.56,8200
2023-02-15,10.53,10.56,10.5,10.56,10.56,5700
2023-02-16,10.55,10.55,10.52,10.55,10.55,4500
2023-02-17,10.53,10.58,10.52,10.58,10.58,8300
2023-02-21,10.58,10.58,10.525,10.53,10.53,4800
2023-02-22,10.58,10.61,10.511,10.53,10.53,11100
2023-02-23,10.61,10.62,10.58,10.61,10.61,24300
2023-02-24,10.603,10.62,10.55,10.55,10.55,9300
2023-02-27,10.6,10.6,10.55,10.57,10.57,4500
2023-02-28,10.61,10.61,10.57,10.57,10.57,16100
2023-03-01,10.58,10.58,10.51,10.57,10.57,3600
2023-03-02,10.6,10.6,10.51,10.52,10.52,8300
2023-03-03,10.599,10.599,10.54,10.54,10.54,2400
2023-03-06,10.6,10.6,10.52,10.59,10.59,11800
2023-03-07,10.59,10.59,10.54,10.55,10.55,58900
2023-03-08,10.54,10.59,10.54,10.56,10.56,37600
2023-03-09,10.56,10.575,10.54,10.54,10.54,4000
2023-03-10,10.54,10.57,10.53,10.57,10.57,7000
2023-03-13,10.52,10.54,10.51,10.52,10.52,30700
2023-03-14,10.55,10.562,10.55,10.56,10.56,6600
2023-03-15,10.56,10.58,10.53,10.53,10.53,35400
2023-03-16,10.521,10.56,10.521,10.56,10.56,900
2023-03-17,10.57,10.59,10.56,10.59,10.59,2000
2023-03-20,10.64,10.64,10.57,10.58,10.58,9700
2023-03-21,10.6,10.6,10.6,10.6,10.6,200
2023-03-22,10.63,10.73,10.63,10.68,10.68,34900
2023-03-23,10.82,10.82,10.69,10.749,10.749,31400
2023-03-24,10.7,10.7,10.68,10.68,10.68,4700
2023-03-27,10.65,10.71,10.65,10.66,10.66,36700
2023-03-28,10.67,10.7,10.67,10.68,10.68,11200
2023-03-29,10.66,10.71,10.61,10.71,10.71,94000
2023-03-30,10.75,10.82,10.6,10.655,10.655,44100
2023-03-31,10.62,10.686,10.62,10.67,10.67,16400
2023-04-03,10.67,10.75,10.624,10.75,10.75,4700
2023-04-04,10.63,10.711,10.63,10.65,10.65,8300
2023-04-05,10.639,10.64,10.632,10.632,10.632,2100
2023-04-06,10.63,10.7,10.62,10.7,10.7,13700
2023-04-10,10.71,10.71,10.63,10.63,10.63,3900
2023-04-11,10.63,10.682,10.62,10.63,10.63,5400
2023-04-12,10.655,10.663,10.63,10.663,10.663,2300
2023-04-13,10.68,10.73,10.63,10.73,10.73,14700
2023-04-14,10.64,10.69,10.64,10.69,10.69,3800
2023-04-17,10.64,10.64,10.64,10.64,10.64,1400
2023-04-18,10.64,10.64,10.64,10.64,10.64,300
2023-04-19,10.64,10.64,10.64,10.64,10.64,1000
2023-04-20,10.64,10.66,10.64,10.66,10.66,900
2023-04-21,10.65,10.65,10.65,10.65,10.65,500
2023-04-24,10.62,10.66,10.62,10.63,10.63,8000
2023-04-25,10.66,10.66,10.63,10.63,10.63,800
2023-04-26,10.66,10.66,10.66,10.66,10.66,600
2023-04-27,10.63,10.69,10.63,10.66,10.66,1200
2023-04-28,10.63,10.63,10.63,10.63,10.63,300
2023-05-01,10.75,10.75,10.63,10.655,10.655,2100
2023-05-02,10.65,10.65,10.65,10.65,10.65,300
2023-05-03,10.63,10.63,10.63,10.63,10.63,2200
2023-05-04,10.62,10.65,10.62,10.65,10.65,15700
2023-05-05,10.644,10.644,10.644,10.644,10.644,500
2023-05-08,10.62,10.635,10.62,10.635,10.635,1000
